Country_FAO,scenario,decade,mean,median,sd,min,max,n_model,agreement,wilcox_p,spatial_scale
Albania,ssp126,2041-2050,10.3372713482259,9.35013843970912,6.56337073920631,4.32337962544142,17.3382959795271,3,100,0.0429962318806731,countries_admin
Albania,ssp126,2091-2100,11.337361085114,12.3746108266827,6.75269891880583,4.12605159466819,17.5114208339911,3,100,1.18378637245013e-16,countries_admin
Albania,ssp585,2041-2050,4.71069630149772,2.5736513605612,9.02949921470793,-3.05857706516017,14.6170146090921,3,66.6666666666667,0.0429962318806731,countries_admin
Albania,ssp585,2091-2100,-33.7345864605284,-33.8273093179891,8.82377985374984,-42.5116394934008,-24.8648105701954,3,100,1.18378637245013e-16,countries_admin
Algeria,ssp126,2041-2050,-4.50218399287432,-2.49147188970099,7.39621281551086,-17.4436164613671,6.53313840565678,10,80,0.10977660868535,countries_admin
Algeria,ssp126,2091-2100,-9.67028409395047,-9.63686775335967,5.47748896819922,-18.6954054900487,0.655376955699475,10,90,0.00351575473184625,countries_admin
Algeria,ssp585,2041-2050,-0.722438544794746,-2.36107494274608,8.59479928781955,-9.1753546865092,20.5791643072203,10,70,0.10977660868535,countries_admin
Algeria,ssp585,2091-2100,-15.6690028050688,-14.6530662066556,17.5491689466701,-35.0424009396952,12.8465055041387,10,80,0.00351575473184625,countries_admin
Angola,ssp126,2041-2050,-13.7893992255607,-9.70855870058103,8.51911891200259,-30.3444901827363,-3.45373125998978,10,100,4.75522173838556e-10,countries_admin
Angola,ssp126,2091-2100,-4.74999891835205,-5.32409834992586,15.4497834010604,-35.5352454485923,22.8290193808676,10,70,1.57807602368516e-26,countries_admin
Angola,ssp585,2041-2050,-24.6287825552971,-22.238097675192,9.96973844665698,-39.3969494738137,-8.77318209266358,10,100,4.75522173838556e-10,countries_admin
Angola,ssp585,2091-2100,-38.6365561791437,-35.1423112540099,14.2588288755296,-61.42024988246,-14.9279532279747,10,100,1.57807602368516e-26,countries_admin
Antigua and Barbuda,ssp126,2041-2050,-3.52587550663846,-4.06791061603798,3.90668478794004,-9.53390651265569,3.72973810159876,10,90,0.826896754598956,countries_admin
Antigua and Barbuda,ssp126,2091-2100,0.911572962692809,1.74190451164715,5.19639909878448,-6.56509439845974,7.81732542419203,10,60,2.7166720254842e-07,countries_admin
Antigua and Barbuda,ssp585,2041-2050,-2.18671616029764,-2.10197891924941,7.15309957408175,-13.4340430016495,11.5347458949184,10,60,0.826896754598956,countries_admin
Antigua and Barbuda,ssp585,2091-2100,-5.83447011431775,-8.38446619920478,12.9770145921049,-28.5996797561037,10.0883724325399,10,60,2.7166720254842e-07,countries_admin
Argentina,ssp126,2041-2050,-5.1762841457171,-4.3974359058867,4.38122965004373,-13.140061560959,0.464546158044764,10,90,0.0195612897362656,countries_admin
Argentina,ssp126,2091-2100,-6.82005460405408,-6.42277902932953,5.80293954042947,-17.4617517949779,1.86517435547891,10,90,4.08903345162127e-11,countries_admin
Argentina,ssp585,2041-2050,-6.53407835921833,-6.00174158353051,5.84880408594125,-17.274674501908,3.66477643778077,10,80,0.0195612897362656,countries_admin
Argentina,ssp585,2091-2100,-17.7886702907252,-20.822487161179,15.1624865304283,-42.4354448955058,11.3819567541658,10,90,4.08903345162127e-11,countries_admin
Australia,ssp126,2041-2050,-4.86219878079149,-5.62478465870565,3.32596921188101,-10.30865401621,0.143166046512423,10,90,2.366425167712e-09,countries_admin
Australia,ssp126,2091-2100,-6.71716328158129,-6.04467476538086,3.90152824512286,-13.696746090182,-0.669114259504123,10,100,8.0427546899878e-24,countries_admin
Australia,ssp585,2041-2050,-8.77159966469606,-9.67288356119949,2.79092630895324,-12.4763811588431,-4.09714432131678,10,100,2.366425167712e-09,countries_admin
Australia,ssp585,2091-2100,-21.6851082359676,-23.7474952934941,9.01470995114375,-31.0822423607662,-5.70501560774059,10,100,8.0427546899878e-24,countries_admin
Azerbaijan,ssp126,2041-2050,-0.355519361813238,-1.0970415814826,2.13358710225357,-1.99275135236301,2.76475706807526,4,75,1.29069624968998e-08,countries_admin
Azerbaijan,ssp126,2091-2100,-3.28787525385894,-2.97494308130137,5.40785630094664,-10.0753931219313,2.87377826909827,4,75,1.2019714912376e-17,countries_admin
Azerbaijan,ssp585,2041-2050,-5.88943718162985,-4.22039168893552,3.71654099905089,-11.4396072906005,-3.6773580580479,4,100,1.29069624968998e-08,countries_admin
Azerbaijan,ssp585,2091-2100,-24.1164879081339,-20.1066907643942,13.7330581611714,-43.7492909366038,-12.5032791671434,4,100,1.2019714912376e-17,countries_admin
Bahamas,ssp126,2041-2050,2.39795378448084,-0.333752223922187,8.27876493849939,-6.06780701398216,14.4169787111353,10,50,2.62425871019233e-08,countries_admin
Bahamas,ssp126,2091-2100,3.60759489774384,1.74991643587479,7.32604281164036,-8.82604202353604,14.338605056435,10,70,1.38879197615715e-07,countries_admin
Bahamas,ssp585,2041-2050,-6.23589674386091,-5.85187007850334,9.10309796617792,-17.9159527341643,6.11873687317421,10,70,2.62425871019233e-08,countries_admin
Bahamas,ssp585,2091-2100,-6.23481372205867,-5.88769775469648,12.3412882941282,-30.3696805839704,14.4293705387757,10,80,1.38879197615715e-07,countries_admin
Bahrain,ssp126,2041-2050,-15.7743032576626,-15.4927193920699,2.89733726034364,-19.3103370867685,-12.8014371597422,4,100,0.0061882788229202,countries_admin
Bahrain,ssp126,2091-2100,-15.2602672655762,-16.501062134115,4.87645462268253,-19.3762014047305,-8.66274338934417,4,100,8.65837560002423e-12,countries_admin
Bahrain,ssp585,2041-2050,-19.4462167178504,-18.8856252801725,2.27012832940318,-22.524338273695,-17.4892780373616,4,100,0.0061882788229202,countries_admin
Bahrain,ssp585,2091-2100,-34.7483277958032,-37.4960164088305,7.42784608965228,-40.0521195435338,-23.9491588220179,4,100,8.65837560002423e-12,countries_admin
Bangladesh,ssp126,2041-2050,-4.41636195276414,-5.06959670591329,3.73533613183047,-10.5723797312643,0.403121511849131,10,90,0.149070863037356,countries_admin
Bangladesh,ssp126,2091-2100,-1.7018280394856,-0.954407998109531,2.66591545015374,-6.51030410967711,1.60314408385287,10,80,1.70250265849816e-18,countries_admin
Bangladesh,ssp585,2041-2050,-3.33153920871611,-3.57681001758854,3.72432712080554,-8.35751792910469,2.9367425710228,10,80,0.149070863037356,countries_admin
Bangladesh,ssp585,2091-2100,-11.6089955985637,-11.6581435138316,8.47863694554505,-24.7736522792555,5.18332702206198,10,90,1.70250265849816e-18,countries_admin
Barbados,ssp126,2041-2050,-9.58850216589408,-10.1719714996728,5.17525531836747,-18.6148095333068,-0.577272691552956,10,100,0.199997927108229,countries_admin
Barbados,ssp126,2091-2100,-6.77468257789904,-7.61940117002569,4.03839230267683,-12.7314412837447,0.535601437442414,10,90,0.00034577944484605,countries_admin
Barbados,ssp585,2041-2050,-11.3974812077359,-12.7727526718188,6.42690439037058,-17.7704543262599,0.635912052865066,10,90,0.199997927108229,countries_admin
Barbados,ssp585,2091-2100,-11.1190796957413,-8.5087855969719,13.2683852446446,-25.8894222392959,16.7280358567242,10,90,0.00034577944484605,countries_admin
Belgium,ssp126,2041-2050,-3.94937866807449,-3.24470446258746,6.05211886644403,-16.4244749125362,4.62328568293671,8,87.5,0.00471848032346515,countries_admin
Belgium,ssp126,2091-2100,-9.34445284390044,-13.5445443229996,11.7839910164037,-26.441081881158,5.53084967068414,8,62.5,6.48384498114266e-05,countries_admin
Belgium,ssp585,2041-2050,-9.48824378351595,-7.80729762980929,8.71064204036746,-20.8735989999864,2.55745131482167,8,87.5,0.00471848032346515,countries_admin
Belgium,ssp585,2091-2100,-20.5752002055221,-21.4438098650534,16.2332326975469,-47.7730976795122,-0.777338451366191,8,100,6.48384498114266e-05,countries_admin
Belize,ssp126,2041-2050,-4.1448581266408,-0.876024484699504,9.5600316698366,-18.6611202984966,7.71478245567364,10,60,0.0621070232660506,countries_admin
Belize,ssp126,2091-2100,-1.75320365139931,-0.788056137071945,9.27268284359712,-15.6953321133638,11.2781192280945,10,50,0.25232108640734,countries_admin
Belize,ssp585,2041-2050,-6.52340256968044,-3.97648093914803,9.62452161557593,-21.4253543970273,4.08158379735787,10,70,0.0621070232660506,countries_admin
Belize,ssp585,2091-2100,-5.41112946315327,-5.39408208371181,21.1811044191282,-35.7444253159696,25.98200886032,10,60,0.25232108640734,countries_admin
Benin,ssp126,2041-2050,-7.5878063460465,-8.79755359239036,3.57265204294056,-13.0370666934868,-1.3813282389949,10,100,3.4228972353771e-06,countries_admin
Benin,ssp126,2091-2100,-1.35952288359319,-1.45532231648397,5.12893137417883,-7.81751222676322,6.44917393648353,10,60,2.75128316369093e-27,countries_admin
Benin,ssp585,2041-2050,-13.2665880463702,-16.3369027714509,8.16091716854976,-24.5456958065106,-1.54989952830636,10,100,3.4228972353771e-06,countries_admin
Benin,ssp585,2091-2100,-21.9223414390478,-22.5697558582807,9.34240882662114,-34.7102225566011,-4.63086420784112,10,100,2.75128316369093e-27,countries_admin
Brazil,ssp126,2041-2050,-6.08185884185079,-6.30039285124115,1.71257030193161,-8.88724091622302,-2.42737833001738,10,100,0.325379111627523,countries_admin
Brazil,ssp126,2091-2100,-2.29918906427964,-2.00067640882086,3.12587202488277,-7.32763523496866,1.91540639138674,10,70,2.41664343491059e-20,countries_admin
Brazil,ssp585,2041-2050,-6.94941894514115,-6.92525869076214,2.43199715371005,-11.8014455216935,-3.02693019128194,10,100,0.325379111627523,countries_admin
Brazil,ssp585,2091-2100,-15.6596679737975,-15.5028672879714,8.61107558585292,-27.1347258185955,-1.6583194986865,10,100,2.41664343491059e-20,countries_admin
Brunei Darussalam,ssp126,2041-2050,-7.80739237922352,-8.0252823804438,3.03256479194662,-12.1723990036496,-3.94351359201182,10,100,0.000444126672717653,countries_admin
Brunei Darussalam,ssp126,2091-2100,-8.64308415695129,-8.83753388501143,2.30817400628889,-11.2416684180642,-4.21858148612098,10,100,2.05122893331196e-27,countries_admin
Brunei Darussalam,ssp585,2041-2050,-10.2670601264307,-11.7700182210436,4.69133619657374,-14.4830177139342,0.619811623916243,10,90,0.000444126672717653,countries_admin
Brunei Darussalam,ssp585,2091-2100,-25.575362209992,-27.4818709705089,6.38526511313828,-33.9882163791201,-12.1377800355338,10,100,2.05122893331196e-27,countries_admin
Bulgaria,ssp126,2041-2050,-5.87989635466488,-6.03888208638164,5.71942550519277,-16.4378768564234,2.35051927231965,10,80,0.713074548288095,countries_admin
Bulgaria,ssp126,2091-2100,10.4749677451018,-8.24208695318117,57.634548535025,-24.5644181081879,171.930703390541,10,70,0.000250822900770461,countries_admin
Bulgaria,ssp585,2041-2050,-5.4673162901713,-6.62618927759102,4.90890449648477,-11.7910439700009,2.38177960836677,10,80,0.713074548288095,countries_admin
Bulgaria,ssp585,2091-2100,2.89468766878843,-18.3161236642411,50.3805730184396,-34.7132205761971,106.565654081945,10,80,0.000250822900770461,countries_admin
Cabo Verde,ssp126,2041-2050,-6.33364780485241,-3.0702284133939,11.8955267123474,-27.4628253596312,9.01274330375627,10,60,0.88248085710775,countries_admin
Cabo Verde,ssp126,2091-2100,-6.28457502335907,-3.77885207470534,13.0225244609364,-27.7670244887937,8.85909888096058,10,50,2.63506332149285e-13,countries_admin
Cabo Verde,ssp585,2041-2050,-7.42768276901426,-5.35626084353411,8.59716539476912,-27.3278867942174,0.684806307828105,10,90,0.88248085710775,countries_admin
Cabo Verde,ssp585,2091-2100,-23.3449851187936,-25.2027509686143,12.9178070235722,-38.0059611744332,0.619108967602791,10,90,2.63506332149285e-13,countries_admin
Cambodia,ssp126,2041-2050,-3.91871425388141,-2.22263819552694,5.28392202524636,-17.3110214780221,0.0820113508914765,10,90,0.0738827189515744,countries_admin
Cambodia,ssp126,2091-2100,-5.29272666694677,-4.02164498115709,6.57550122632919,-23.129891124409,0.0995871585441272,10,90,4.02095751392195e-15,countries_admin
Cambodia,ssp585,2041-2050,-6.48012130639961,-3.58606612718415,7.16371814851629,-25.0922892772047,-1.00095071284355,10,100,0.0738827189515744,countries_admin
Cambodia,ssp585,2091-2100,-16.4591324407275,-16.8433343313285,5.66370159888774,-26.8384678003653,-6.5786540338497,10,100,4.02095751392195e-15,countries_admin
Cameroon,ssp126,2041-2050,-4.39043466055246,-5.83584110838931,5.78957094397969,-11.2479045323981,6.83473837685771,8,75,4.71033990590542e-05,countries_admin
Cameroon,ssp126,2091-2100,-0.839670455863299,-3.5334831445928,6.29989193525082,-7.84141448913592,8.95799269478153,8,62.5,4.1129112382693e-20,countries_admin
Cameroon,ssp585,2041-2050,-9.30182123322808,-9.34632785283721,8.55653096733678,-19.6521951688825,7.73809280538163,8,87.5,4.71033990590542e-05,countries_admin
Cameroon,ssp585,2091-2100,-19.1734179242593,-22.4473506901218,6.34625124748753,-25.866156130365,-9.90274619631853,8,100,4.1129112382693e-20,countries_admin
Canada,ssp126,2041-2050,-5.52617779820304,-5.62783085206287,2.03106768727653,-8.90113661026073,-2.37100361731578,10,100,0.49311010223054,countries_admin
Canada,ssp126,2091-2100,-4.07750384945977,-2.63462008059059,6.57882507432823,-18.470915518147,4.14200223705682,10,70,1.36980743022691e-18,countries_admin
Canada,ssp585,2041-2050,-5.03141882336568,-5.08866394729517,2.98482375742209,-10.9265821514752,-0.481708591215729,10,100,0.49311010223054,countries_admin
Canada,ssp585,2091-2100,-16.9003768564903,-19.1935980960072,11.021795549238,-26.6789220394195,11.7800081381129,10,90,1.36980743022691e-18,countries_admin
Chile,ssp126,2041-2050,-6.09873537235776,-5.17019470133393,3.21790324806506,-11.0115645113554,-2.38738551917829,10,100,0.49156993653967,countries_admin
Chile,ssp126,2091-2100,-8.86103861566463,-7.62851346432442,5.2231263898491,-20.5500575613926,-3.2116036938851,10,100,1.25752514296627e-10,countries_admin
Chile,ssp585,2041-2050,-5.61559979458688,-5.32961725897487,3.82305915931071,-11.0698926473031,-1.47975598356953,10,100,0.49156993653967,countries_admin
Chile,ssp585,2091-2100,-19.2995088161958,-19.2077297320055,12.4094564142029,-43.8873551032054,-5.4915241610823,10,100,1.25752514296627e-10,countries_admin
China,ssp126,2041-2050,-11.9220057078115,-11.3640692845455,3.07003159536097,-18.4383085620321,-8.54822630862661,10,100,0.355058143995026,countries_admin
China,ssp126,2091-2100,-9.11132673079144,-8.04395273952407,3.79129020099135,-16.6951722571852,-4.52983195498673,10,100,1.94678253824539e-26,countries_admin
China,ssp585,2041-2050,-11.2506758921845,-10.5815044877881,4.38086506429829,-18.046385710527,-4.48099292876964,10,100,0.355058143995026,countries_admin
China,ssp585,2091-2100,-30.9339878623431,-30.6206755202041,12.081430400525,-48.799122227363,-8.3359274885055,10,100,1.94678253824539e-26,countries_admin
Colombia,ssp126,2041-2050,-7.2292779412201,-1.80654617378098,13.0895438456352,-36.1305020929264,5.27938490202172,10,70,0.9269943326246,countries_admin
Colombia,ssp126,2091-2100,-8.4582435673897,-6.29425101290049,9.52873172373141,-26.1055466470138,1.5990841302768,10,70,0.000294738947888892,countries_admin
Colombia,ssp585,2041-2050,-6.71026123845774,-5.58116643364111,8.00552527788001,-22.499351997307,2.78806801520615,10,80,0.9269943326246,countries_admin
Colombia,ssp585,2091-2100,-20.0197331484415,-15.4330237183185,19.6118473461958,-54.1788018800592,2.05186490840724,10,90,0.000294738947888892,countries_admin
Comoros,ssp126,2041-2050,-1.96818307754564,-0.448942306768367,11.1583976529339,-28.3398234230653,9.62452478215291,10,50,0.507087158649303,countries_admin
Comoros,ssp126,2091-2100,0.925411500660818,1.40423370846627,8.92638113162316,-10.6411790461508,12.16297154869,10,50,0.00138781010994531,countries_admin
Comoros,ssp585,2041-2050,-4.48202500867064,-2.08893590161305,15.7391573910947,-47.5173166714228,9.25078111884097,10,60,0.507087158649303,countries_admin
Comoros,ssp585,2091-2100,-9.29014352511412,-3.50481525189108,23.4361666054144,-59.7388684695731,22.8974274034147,10,70,0.00138781010994531,countries_admin
Congo,ssp126,2041-2050,-7.26306955340652,-6.60801228889202,5.54193459121821,-16.9383880250688,0.130357590850196,10,90,5.86809148181491e-07,countries_admin
Congo,ssp126,2091-2100,-3.11779958301715,-1.87966311331515,6.07375553076353,-12.6541485164689,2.69620242118166,10,50,1.51735171327229e-29,countries_admin
Congo,ssp585,2041-2050,-14.2443004646754,-11.5348890887221,8.56456293974705,-30.4093852071999,-2.48580487111107,10,100,5.86809148181491e-07,countries_admin
Congo,ssp585,2091-2100,-26.1477934304017,-25.7182119668472,9.77450871180456,-43.6728878946439,-12.3443164347145,10,100,1.51735171327229e-29,countries_admin
Costa Rica,ssp126,2041-2050,-13.1792005749189,-9.49432739197771,16.43205045118,-50.969370645791,4.7718048823016,10,80,0.215873143147413,countries_admin
Costa Rica,ssp126,2091-2100,-13.6451930488405,-8.21602353864433,12.8302401975866,-39.7761269298865,-0.498361241377665,10,100,6.11368280865666e-05,countries_admin
Costa Rica,ssp585,2041-2050,-9.8209423527928,-6.27052969530026,14.5173813850908,-42.7298962566903,7.47819350324109,10,80,0.215873143147413,countries_admin
Costa Rica,ssp585,2091-2100,-31.3906266205583,-20.8633620337089,26.8779918167707,-72.6541541460119,0.924856936422411,10,90,6.11368280865666e-05,countries_admin
Croatia,ssp126,2041-2050,-6.95646244029049,-6.5028600922109,9.26122645399923,-24.2169989262019,5.18239202872696,10,70,0.629401577977765,countries_admin
Croatia,ssp126,2091-2100,-13.6212910962297,-13.620387307113,18.1524858693335,-39.0363465216651,11.1187855867446,10,60,2.06628494015439e-05,countries_admin
Croatia,ssp585,2041-2050,-7.25170923658178,-5.15977039753506,9.83268448745513,-20.6798302484956,9.98191795773697,10,80,0.629401577977765,countries_admin
Croatia,ssp585,2091-2100,-24.6115735883727,-24.5663222316497,15.5363169882307,-48.8843158257383,-0.144688318520557,10,100,2.06628494015439e-05,countries_admin
Cuba,ssp126,2041-2050,-4.82692145173302,-3.49838384893964,4.46805512497611,-12.541137651535,-0.176200384644676,10,100,0.00114043970114629,countries_admin
Cuba,ssp126,2091-2100,-4.76125982906483,-4.27334942660744,4.99640065052101,-12.2636693573952,2.37548117682182,10,90,0.593424233653183,countries_admin
Cuba,ssp585,2041-2050,-7.33957175435328,-6.59420251516974,3.19455065683439,-12.4183128238302,-3.23027669134511,10,100,0.00114043970114629,countries_admin
Cuba,ssp585,2091-2100,-5.79970618601242,-5.76244005081764,15.749469957027,-27.7018442214837,21.0230404039654,10,70,0.593424233653183,countries_admin
Cyprus,ssp126,2041-2050,18.4098278564344,16.6954853518899,12.3485725149143,-4.02314290526168,40.1977470077985,10,90,2.28049700344509e-08,countries_admin
Cyprus,ssp126,2091-2100,20.4977589025708,11.9703506259622,27.2535428843532,-7.80612927281549,74.4978389967686,10,60,2.02180635400975e-16,countries_admin
Cyprus,ssp585,2041-2050,2.75839084824803,2.43468520813243,8.00627683251721,-7.41417025356272,16.8622908494663,10,60,2.28049700344509e-08,countries_admin
Cyprus,ssp585,2091-2100,-18.5856859612534,-22.3149358724457,24.0998311933208,-50.5681926899669,37.6460998313441,10,90,2.02180635400975e-16,countries_admin
C么te d'Ivoire,ssp126,2041-2050,-10.6549368223751,-11.084513523868,4.26331905389011,-15.6186866462023,-4.18590656617855,10,100,8.55736659385669e-07,countries_admin
C么te d'Ivoire,ssp126,2091-2100,-5.66078748886116,-6.33218741980363,2.48167256122004,-9.57874627970303,-2.3133686962847,10,100,8.74400339415507e-32,countries_admin
C么te d'Ivoire,ssp585,2041-2050,-15.9265114953162,-17.6996706088649,7.75709041284893,-27.3220265425146,-2.82543825260899,10,100,8.55736659385669e-07,countries_admin
C么te d'Ivoire,ssp585,2091-2100,-30.0716914881699,-28.0309760354678,10.6200086478381,-46.1966082729379,-15.5883382839198,10,100,8.74400339415507e-32,countries_admin
Democratic People's Republic of Korea,ssp126,2041-2050,-5.27761955174038,-5.38505299386168,9.14920230820916,-22.4633310708319,8.66855762360054,10,70,0.0310609735599865,countries_admin
Democratic People's Republic of Korea,ssp126,2091-2100,-13.49741439958,-9.80022048011429,7.84778270920188,-27.5581532994174,-4.41829248776614,10,100,1.45514378566654e-11,countries_admin
Democratic People's Republic of Korea,ssp585,2041-2050,-10.419344701987,-8.39593855715735,10.4463616527579,-25.2925620589641,2.85450209100258,10,80,0.0310609735599865,countries_admin
Democratic People's Republic of Korea,ssp585,2091-2100,-32.3482976118665,-33.8383521590564,26.1042877203497,-79.0614240096726,18.7597076817435,10,90,1.45514378566654e-11,countries_admin
Democratic Republic of the Congo,ssp126,2041-2050,-9.4152954348173,-8.79392183497936,4.86626068746542,-17.0423510424755,-2.68733177810706,10,100,4.64681518381418e-06,countries_admin
Democratic Republic of the Congo,ssp126,2091-2100,-4.56347102277776,-4.26372569804614,6.3433837818066,-14.4044803222658,2.85024586376989,10,60,2.94879828232209e-28,countries_admin
Democratic Republic of the Congo,ssp585,2041-2050,-15.3828380647036,-14.8784034703336,7.78379002105332,-29.0358471455399,-6.65854619947455,10,100,4.64681518381418e-06,countries_admin
Democratic Republic of the Congo,ssp585,2091-2100,-29.9067039770498,-28.8005668466456,9.21710619295942,-43.3653377115886,-13.5526737896844,10,100,2.94879828232209e-28,countries_admin
Denmark,ssp126,2041-2050,-5.47659348846263,-5.46758782590955,3.85750329101374,-12.123065327887,0.0651900610931059,10,90,0.000416384653461447,countries_admin
Denmark,ssp126,2091-2100,-4.18755689186656,-1.92065269389654,7.12374576390834,-20.4670638041721,2.3293173033313,10,60,2.50484149938846e-21,countries_admin
Denmark,ssp585,2041-2050,-1.80291680137577,-3.19412423779245,7.24905685246132,-9.99920154186173,13.1304086225884,10,70,0.000416384653461447,countries_admin
Denmark,ssp585,2091-2100,-19.5734361693034,-21.0897246210925,9.05380217521397,-31.9646447747362,-2.93832479909716,10,100,2.50484149938846e-21,countries_admin
Djibouti,ssp126,2041-2050,-4.74781667861529,-6.28584572124726,4.10957114924393,-7.71854046862265,1.29896519665601,4,75,0.161473841907001,countries_admin
Djibouti,ssp126,2091-2100,-2.87721533621353,-4.83343279003771,4.79562339025249,-6.09797636162289,4.25598059684418,4,75,6.41356080325985e-16,countries_admin
Djibouti,ssp585,2041-2050,-6.17197964862932,-9.50311843708864,7.51839631494969,-10.7014444183423,5.01976269800234,4,75,0.161473841907001,countries_admin
Djibouti,ssp585,2091-2100,-24.4009218521082,-26.2338627872431,7.77145502622054,-31.0080216864815,-14.1279401474653,4,100,6.41356080325985e-16,countries_admin
Dominica,ssp126,2041-2050,-10.1070309291726,-8.80347299419601,8.33066839663309,-27.7421208042781,0.085471137461207,10,90,0.474799017769779,countries_admin
Dominica,ssp126,2091-2100,-3.47478247984893,-3.99947101548239,4.40468520847337,-9.89455277970568,2.5414482706428,10,70,8.14916326032965e-05,countries_admin
Dominica,ssp585,2041-2050,-8.77483659191757,-10.0096633004326,7.85218190231952,-18.0692381210511,8.5073137060363,10,90,0.474799017769779,countries_admin
Dominica,ssp585,2091-2100,-10.4592806146718,-4.76866474512648,12.6024205164481,-28.6515218863657,2.45398824368241,10,70,8.14916326032965e-05,countries_admin
Dominican Republic,ssp126,2041-2050,2.29126156312266,0.595919550535247,7.68193733653363,-8.94103303407394,14.3095210891656,10,50,0.662731590311878,countries_admin
Dominican Republic,ssp126,2091-2100,4.12408033283137,4.11660798888211,5.57611326687972,-3.34638482981931,12.4231784344596,10,70,0.0482137116807411,countries_admin
Dominican Republic,ssp585,2041-2050,2.07085126519103,-0.27090275016469,9.31579384979459,-8.48816309808145,18.2663553979799,10,50,0.662731590311878,countries_admin
Dominican Republic,ssp585,2091-2100,0.880869008502446,-2.87984413014654,18.6404609052831,-23.6942524588916,33.3689896736865,10,50,0.0482137116807411,countries_admin
Ecuador,ssp126,2041-2050,-7.54851025516971,-8.39412635719608,5.80224121942808,-16.1218088442626,1.4668004759545,10,90,0.274210960424617,countries_admin
Ecuador,ssp126,2091-2100,-9.60805471649667,-10.0989062398779,6.09444590302013,-19.0734510653561,-0.759317487895456,10,100,1.5040085067338e-24,countries_admin
Ecuador,ssp585,2041-2050,-9.45002265844869,-10.3346830396779,6.68192369840886,-18.2890435141038,0.911351701800636,10,90,0.274210960424617,countries_admin
Ecuador,ssp585,2091-2100,-38.8609874438717,-40.6703112580314,18.9455675444931,-76.9355043896673,-9.69684267080277,10,100,1.5040085067338e-24,countries_admin
Egypt,ssp126,2041-2050,16.4632155894888,14.6271274988759,11.1261003694613,1.1894485004614,38.9813874821482,10,100,2.33124043165747e-09,countries_admin
Egypt,ssp126,2091-2100,18.1995366982438,16.5159129328976,16.7220894193228,-6.61569471497179,51.2492558861646,10,90,3.49728058504194e-16,countries_admin
Egypt,ssp585,2041-2050,0.00354560578717462,-0.213776001990993,5.85790791647807,-9.34565575046525,10.6454549891716,10,60,2.33124043165747e-09,countries_admin
Egypt,ssp585,2091-2100,-17.417293494104,-25.0914609499043,22.4167782359353,-44.224677332202,28.143352180457,10,70,3.49728058504194e-16,countries_admin
El Salvador,ssp126,2041-2050,-14.3398982423154,-9.74206247638654,16.2021325866357,-51.8119605646203,1.58151254455758,10,90,0.963945746617348,countries_admin
El Salvador,ssp126,2091-2100,-12.5723934411141,-10.653222325275,8.57867966852954,-27.4665539815778,-3.06923578870735,10,100,1.63890043728766e-13,countries_admin
El Salvador,ssp585,2041-2050,-14.6465106250617,-11.6352275929559,12.5442132647912,-42.9877658723632,-0.370316585784394,10,100,0.963945746617348,countries_admin
El Salvador,ssp585,2091-2100,-34.6649838330524,-28.5878323439212,22.236319755127,-74.8569073732062,-2.38453939394108,10,100,1.63890043728766e-13,countries_admin
Equatorial Guinea,ssp126,2041-2050,-9.83373265880109,-8.75357797016238,5.64559088249175,-20.2509462786846,-3.2016863985698,10,100,1.19930282630429e-07,countries_admin
Equatorial Guinea,ssp126,2091-2100,-4.31677526460245,-4.55593967151769,7.60221087748506,-15.6352119510003,6.50191393632771,10,60,1.14749460212188e-30,countries_admin
Equatorial Guinea,ssp585,2041-2050,-17.4238851471493,-16.0099340517098,8.96814263736996,-34.1321551249376,-5.24555810701603,10,100,1.19930282630429e-07,countries_admin
Equatorial Guinea,ssp585,2091-2100,-28.6080407153152,-27.4798797581324,9.80944841156644,-45.1352971192308,-15.4719620050398,10,100,1.14749460212188e-30,countries_admin
Eritrea,ssp126,2041-2050,-10.0184663442057,-7.93101819662707,9.55751939532263,-34.4085946497014,1.34217208954416,10,90,0.135780716271873,countries_admin
Eritrea,ssp126,2091-2100,-7.77441787915479,-5.04261525193954,13.5018388659789,-44.2906219719214,3.4553784977226,10,80,3.17433030685766e-07,countries_admin
Eritrea,ssp585,2041-2050,-12.115006643725,-8.69358502294623,10.9119897777539,-41.1346116605589,-2.46020543564156,10,100,0.135780716271873,countries_admin
Eritrea,ssp585,2091-2100,-21.3389694396205,-27.7627091134317,15.9849522817948,-37.9772209144309,4.83513367989237,10,90,3.17433030685766e-07,countries_admin
Estonia,ssp126,2041-2050,-4.90414550062113,-5.7282286793595,10.879537033497,-24.976757454182,8.89360849187568,10,60,0.0297506448193188,countries_admin
Estonia,ssp126,2091-2100,-3.20296561400121,-4.02332867089663,11.1269796388559,-20.123703150944,14.1631459143104,10,60,0.328998133633585,countries_admin
Estonia,ssp585,2041-2050,-1.06901727260005,-1.17847336493074,7.42307535095672,-11.9743671793984,9.87957135902173,10,60,0.0297506448193188,countries_admin
Estonia,ssp585,2091-2100,-7.24793066628341,-2.62258135587669,18.5568485138149,-38.5754070348024,19.6284731348646,10,50,0.328998133633585,countries_admin
Fiji,ssp126,2041-2050,0.693733989846022,2.41292362475019,11.8014152073471,-12.6356247664756,19.422407280786,10,50,0.0240412347524979,countries_admin
Fiji,ssp126,2091-2100,-2.68137825596284,1.59316487204341,13.7799002418336,-20.8293058669542,13.4554888833603,10,50,0.000234589486695214,countries_admin
Fiji,ssp585,2041-2050,-5.50644829818868,1.45618584343844,16.5735300004585,-29.6472950925099,14.1345702272864,10,50,0.0240412347524979,countries_admin
Fiji,ssp585,2091-2100,-19.6438903166462,-4.35159996161797,29.1032741165725,-60.8263403827202,10.8732242250553,10,60,0.000234589486695214,countries_admin
Finland,ssp126,2041-2050,2.39042000467044,2.90757422245671,10.8802469377978,-16.1777714373239,18.7396061356972,10,50,0.040007800903984,countries_admin
Finland,ssp126,2091-2100,3.14011630957832,1.60356848806134,12.9676850412604,-15.9989555979299,26.1399152075737,10,50,0.733214437148216,countries_admin
Finland,ssp585,2041-2050,5.89305596554964,5.41571782442084,8.95515630061901,-7.33570225166522,20.8446488142128,10,70,0.040007800903984,countries_admin
Finland,ssp585,2091-2100,3.56381215642094,3.35285175178392,21.7942267793299,-32.6546907515716,35.632094338098,10,60,0.733214437148216,countries_admin
France,ssp126,2041-2050,-5.58136733017303,-6.05951153973076,3.15059093252157,-10.4281411814248,-1.4510909261749,10,100,0.00154864401376757,countries_admin
France,ssp126,2091-2100,-6.17328136265207,-6.13659323346135,4.19579821264914,-11.9806410096327,-0.503199828401342,10,100,4.84888396232436e-23,countries_admin
France,ssp585,2041-2050,-7.81841759021315,-8.45539803780554,4.31333591920078,-13.2686197528575,-2.14939530561003,10,100,0.00154864401376757,countries_admin
France,ssp585,2091-2100,-23.1298533338719,-24.5690524561389,11.2146816337976,-35.2132306389023,-7.43501429452019,10,100,4.84888396232436e-23,countries_admin
Gabon,ssp126,2041-2050,-8.9466069070036,-7.87417999401781,4.3127500960026,-17.0806858962293,-2.53411297281645,10,100,3.09320055105654e-07,countries_admin
Gabon,ssp126,2091-2100,-4.9706000876115,-6.54946751978172,5.87005351644646,-12.2895398538272,4.43296410090283,10,70,9.14563078361764e-31,countries_admin
Gabon,ssp585,2041-2050,-15.1690375905752,-13.021954150806,8.09303246048983,-30.3673496871185,-6.28676500909262,10,100,3.09320055105654e-07,countries_admin
Gabon,ssp585,2091-2100,-26.2234795479536,-24.7674133728628,6.69281053611686,-38.8108032815336,-14.4403994475774,10,100,9.14563078361764e-31,countries_admin
Gambia,ssp126,2041-2050,-14.2253186246281,-14.3129460549317,7.01177218272087,-26.168669582886,-4.94047919408531,10,100,0.101871223256349,countries_admin
Gambia,ssp126,2091-2100,-7.18099576764157,-4.16503838508256,6.32373411053625,-19.3765497982935,-0.451668432929644,10,100,6.38630454121251e-29,countries_admin
Gambia,ssp585,2041-2050,-19.2377202010574,-20.2918081202412,6.21620524537005,-29.3994134988609,-9.10596354848002,10,100,0.101871223256349,countries_admin
Gambia,ssp585,2091-2100,-36.314953232296,-39.757051328218,11.8231554002677,-50.9816166474829,-17.294876733375,10,100,6.38630454121251e-29,countries_admin
Georgia,ssp126,2041-2050,-6.39557170118858,-5.72632328835032,13.1280560645848,-38.3208942817349,12.3169051211664,10,70,0.000107066453742005,countries_admin
Georgia,ssp126,2091-2100,16.8311069392715,-8.31393284170458,64.1228674714847,-41.7125763144068,175.315145677206,10,70,0.0368090393113476,countries_admin
Georgia,ssp585,2041-2050,3.06889369112982,1.73964292566965,14.0861812062588,-13.3548975088052,35.3122849910856,10,60,0.000107066453742005,countries_admin
Georgia,ssp585,2091-2100,61.0861378051042,-17.6361093337098,216.523697110985,-35.9335295901328,668.466814329255,10,70,0.0368090393113476,countries_admin
Germany,ssp126,2041-2050,-2.40376674814874,-2.39193335409721,2.48612429084958,-7.71696291605557,0.446374983595239,10,80,0.00765410155490616,countries_admin
Germany,ssp126,2091-2100,-3.21047711179147,-2.1123002590884,3.81424591332094,-11.5267512920223,1.07059998205121,10,80,6.49472506041004e-13,countries_admin
Germany,ssp585,2041-2050,-4.61623374956501,-3.84933334960464,4.65816496117942,-14.5058496641873,1.73036753649608,10,80,0.00765410155490616,countries_admin
Germany,ssp585,2091-2100,-16.9056683353755,-18.6335830693099,13.2556493970911,-36.407561609972,-0.735736904344445,10,100,6.49472506041004e-13,countries_admin
Ghana,ssp126,2041-2050,-11.1986646522106,-11.7285651133802,4.07070191596842,-18.7403337219189,-4.93684184440136,10,100,8.68704605763211e-08,countries_admin
Ghana,ssp126,2091-2100,-3.27047117385147,-3.78881843166632,4.36516429850254,-8.26407533742731,4.60422055791537,10,70,4.61970476729992e-31,countries_admin
Ghana,ssp585,2041-2050,-17.2613387397645,-18.5847839014871,5.78140720858565,-26.1015519640545,-9.1463579062227,10,100,8.68704605763211e-08,countries_admin
Ghana,ssp585,2091-2100,-28.5377171360251,-25.8084914283003,7.59221393300992,-40.3467925986084,-18.2787655159298,10,100,4.61970476729992e-31,countries_admin
Greece,ssp126,2041-2050,12.7717369805749,12.2314631830296,6.902592089498,-3.225055527298,23.4499218577304,10,90,1.4069173156994e-11,countries_admin
Greece,ssp126,2091-2100,10.7132994422332,9.66869393963323,11.4367856839596,-4.44791988915936,30.7933298881522,10,80,8.0427546899878e-24,countries_admin
Greece,ssp585,2041-2050,-0.181783515337923,-2.03471400588045,6.6687798384921,-8.58724858291305,15.0223595750052,10,60,1.4069173156994e-11,countries_admin
Greece,ssp585,2091-2100,-21.8416176796325,-19.2253013759193,11.3102978619952,-41.4126117850017,-1.35627683423909,10,100,8.0427546899878e-24,countries_admin
Grenada,ssp126,2041-2050,-5.09929434127536,-8.66568919627718,9.76434234006022,-15.3560350174291,16.69957849297,10,80,0.106558021128492,countries_admin
Grenada,ssp126,2091-2100,1.062630363504,-3.06994979396971,16.9391066531177,-13.547982327207,46.0233726032837,10,60,6.58030632920379e-06,countries_admin
Grenada,ssp585,2041-2050,-7.85046977781026,-9.22321669590501,6.45732030092704,-15.3815364059322,5.46342182199116,10,90,0.106558021128492,countries_admin
Grenada,ssp585,2091-2100,-9.45993543680247,-7.85882529091508,22.7538141332479,-35.3812104405055,44.3597818604148,10,90,6.58030632920379e-06,countries_admin
Guatemala,ssp126,2041-2050,-13.2699467841664,-11.3282047320532,13.2921595181475,-43.0431267354741,1.99821471579724,10,90,0.598505909566418,countries_admin
Guatemala,ssp126,2091-2100,-12.969548456998,-13.4424298022103,6.40707373472645,-19.7872828195758,-3.46929949194846,10,100,2.77345963509555e-15,countries_admin
Guatemala,ssp585,2041-2050,-14.9537993218389,-13.4468082031133,10.8113482682609,-38.7277620916091,-1.0141700267849,10,100,0.598505909566418,countries_admin
Guatemala,ssp585,2091-2100,-34.7552311411489,-32.5369841319139,18.4510622402871,-66.7351676136771,-5.51656947306772,10,100,2.77345963509555e-15,countries_admin
Guinea,ssp126,2041-2050,-8.09131511465499,-7.9195806273596,4.1775862263884,-14.4060538115571,-1.01268862142915,10,100,0.00922958817907779,countries_admin
Guinea,ssp126,2091-2100,-4.07007645463728,-2.17784840734136,4.69663688316033,-12.0408464170159,1.16884798969178,10,90,1.15276966876823e-21,countries_admin
Guinea,ssp585,2041-2050,-11.8937577765197,-11.2211056541253,6.95667940625999,-21.2871950830668,1.62865502240812,10,90,0.00922958817907779,countries_admin
Guinea,ssp585,2091-2100,-23.4480968570293,-25.5468161948197,12.2427582184918,-35.6197690730641,0.584643438668433,10,90,1.15276966876823e-21,countries_admin
Guinea-Bissau,ssp126,2041-2050,-11.124023617315,-10.5819345259422,7.01679525317434,-20.7952351943858,1.72341926557937,10,90,0.0707800430546007,countries_admin
Guinea-Bissau,ssp126,2091-2100,-5.47005081199334,-2.80962787355253,7.76233663620306,-22.3986217484222,4.8277666750702,10,90,3.11286996253671e-25,countries_admin
Guinea-Bissau,ssp585,2041-2050,-14.7342471820553,-15.2492169496822,7.69952516507471,-23.4928175062325,2.7957821438431,10,90,0.0707800430546007,countries_admin
Guinea-Bissau,ssp585,2091-2100,-29.2617809244647,-31.1656026779971,12.7778083386174,-43.3206152869755,-7.17416627290162,10,100,3.11286996253671e-25,countries_admin
Guyana,ssp126,2041-2050,-7.24877927636005,-8.69893113143002,7.19440558061403,-15.3849430660686,7.91324203453958,10,90,0.0155129672162718,countries_admin
Guyana,ssp126,2091-2100,-4.24862977874476,-6.13128765586414,9.3162998633732,-12.07541881881,20.6744940648841,10,90,6.92413068840884e-15,countries_admin
Guyana,ssp585,2041-2050,-9.65845959402783,-13.6511855402449,10.1346694367387,-18.2881512988355,15.8645431393062,10,90,0.0155129672162718,countries_admin
Guyana,ssp585,2091-2100,-7.83125406652718,-16.6900357337425,32.6422034255059,-23.1017546402542,84.5874231724276,10,90,6.92413068840884e-15,countries_admin
Haiti,ssp126,2041-2050,-3.05669448303632,-0.903390445594944,6.60292169133394,-11.7306327585497,4.55851511044297,10,60,0.386390713399902,countries_admin
Haiti,ssp126,2091-2100,-1.13724766305713,-0.425654625824966,4.50155634125605,-9.41305210026252,3.94941762777153,10,50,0.977583213815065,countries_admin
Haiti,ssp585,2041-2050,-3.41599862276565,-2.01735295183965,5.18420421260621,-11.3146843061708,4.87783692227844,10,80,0.386390713399902,countries_admin
Haiti,ssp585,2091-2100,-2.30012969979807,0.00151326008475272,17.9547596944443,-28.4504379777111,17.9596894923484,10,50,0.977583213815065,countries_admin
Honduras,ssp126,2041-2050,-5.48307287070971,-1.80573357895697,10.2699522880384,-21.0716832997031,7.68468647235067,10,70,0.511792007725307,countries_admin
Honduras,ssp126,2091-2100,-3.33080775795171,-3.79098811700921,9.42970731674613,-18.3755435791468,9.65721707947733,10,60,0.0484914009771421,countries_admin
Honduras,ssp585,2041-2050,-6.15904106403788,-3.226615599909,9.1558816787747,-19.3496301483438,4.59843165059553,10,60,0.511792007725307,countries_admin
Honduras,ssp585,2091-2100,-9.35520091126132,-12.5133275650062,21.4483283717345,-40.7115229586083,20.0850128876932,10,60,0.0484914009771421,countries_admin
Iceland,ssp126,2041-2050,-5.28688983925435,-3.92644719454557,5.46876750902054,-14.5904193222317,2.50115725286334,10,90,0.035293090283944,countries_admin
Iceland,ssp126,2091-2100,-5.00092387381134,-2.82838473424538,8.53777325553709,-20.2300448097467,4.50588667985396,10,70,1.29963435164753e-25,countries_admin
Iceland,ssp585,2041-2050,-1.17879515863824,-2.09079971093892,10.7923270502079,-13.5911929704769,25.2043701672792,10,60,0.035293090283944,countries_admin
Iceland,ssp585,2091-2100,-25.1320132559205,-24.3181388937571,9.16249772419921,-43.2798957599839,-12.2009503948944,10,100,1.29963435164753e-25,countries_admin
India,ssp126,2041-2050,-5.669789443575,-5.81094289440867,3.32332122494551,-13.0197698732893,-0.708782250365749,10,100,0.00782268125843897,countries_admin
India,ssp126,2091-2100,-8.44182312228848,-8.37456926201658,3.59468010142864,-16.694066576182,-4.66020949907799,10,100,1.15062141683856e-18,countries_admin
India,ssp585,2041-2050,-7.20289290437717,-7.6535987726405,2.79396722795376,-10.4255635942008,-1.42069820019605,10,100,0.00782268125843897,countries_admin
India,ssp585,2091-2100,-18.3137631938235,-19.7548627844482,7.34288139388904,-27.2540983627608,-1.363178779015,10,100,1.15062141683856e-18,countries_admin
Indonesia,ssp126,2041-2050,-8.66818361491496,-7.4079787430911,6.58434605692272,-20.0820687069891,1.34085040554556,10,90,0.00949610876195903,countries_admin
Indonesia,ssp126,2091-2100,-9.05189567905701,-6.9448769617671,5.70145283280942,-18.7045499138621,-1.27500124344454,10,100,2.55887334559063e-17,countries_admin
Indonesia,ssp585,2041-2050,-12.3576096781859,-10.1699723879093,6.31227492808155,-23.0652619595356,-2.84320829402969,10,100,0.00949610876195903,countries_admin
Indonesia,ssp585,2091-2100,-24.913872271686,-21.9693310284739,12.2661506346944,-41.2654403335371,-7.06734901432441,10,100,2.55887334559063e-17,countries_admin
Iran (Islamic Republic of),ssp126,2041-2050,-14.9955097537708,-7.92963793079645,21.4418283337126,-73.9643924019815,-2.57181815826746,10,100,0.000610619722349087,countries_admin
Iran (Islamic Republic of),ssp126,2091-2100,-17.0950679256508,-9.04342810399854,20.8829431339879,-74.2011243331245,-5.36030420237004,10,100,3.35888788835842e-17,countries_admin
Iran (Islamic Republic of),ssp585,2041-2050,-18.841489143147,-12.9895323183799,19.5163848090754,-73.751936052876,-8.08399868095109,10,100,0.000610619722349087,countries_admin
Iran (Islamic Republic of),ssp585,2091-2100,-34.9399162354182,-33.1841318860121,14.0551623454927,-71.3402351729754,-19.5664649005699,10,100,3.35888788835842e-17,countries_admin
Iraq,ssp126,2041-2050,-8.41791605438294,-6.96065379451998,3.98499085205523,-12.9264204785464,-5.36667389008244,3,100,0.0100438072356659,countries_admin
Iraq,ssp126,2091-2100,-14.7464539614775,-14.8959292488543,4.3803254216731,-19.0501285475367,-10.2933040880415,3,100,6.76449355685791e-17,countries_admin
Iraq,ssp585,2041-2050,-15.3910837936054,-15.3807376699266,6.88685267578307,-22.2831037026045,-8.50941000828505,3,100,0.0100438072356659,countries_admin
Iraq,ssp585,2091-2100,-62.9896885366543,-64.4592238861637,7.49789733245859,-69.644021876265,-54.8658198475341,3,100,6.76449355685791e-17,countries_admin
Ireland,ssp126,2041-2050,-12.0554596347174,-13.4130536080192,7.09779693886546,-22.9274676024809,-3.97761261462988,10,100,4.39118368555166e-14,countries_admin
Ireland,ssp126,2091-2100,-9.10334453410332,-8.32029365819543,5.12071500615245,-18.0866780340027,-1.68101620129314,10,100,8.1677054159716e-27,countries_admin
Ireland,ssp585,2041-2050,3.44079839418433,3.04052744147481,11.4415229330249,-11.6032059775948,19.8711655557596,10,60,4.39118368555166e-14,countries_admin
Ireland,ssp585,2091-2100,-33.5591818156243,-33.4448602936238,6.14573093896252,-41.1322331396748,-25.3776837089291,10,100,8.1677054159716e-27,countries_admin
Israel,ssp126,2041-2050,14.5238211707713,10.6737271760219,14.5491984910396,-5.11109293437039,41.5550115018013,10,90,0.00257895637093163,countries_admin
Israel,ssp126,2091-2100,19.7660259715586,10.7949761037981,32.6357202430558,-12.8225949656364,100.563613916511,10,70,0.00139961242219743,countries_admin
Israel,ssp585,2041-2050,4.91578846065249,5.62477476116035,9.59744891387012,-9.3461286421695,18.0816855629343,10,70,0.00257895637093163,countries_admin
Israel,ssp585,2091-2100,2.0635252831015,-0.865022028082988,38.22031962094,-45.897745352045,77.6168014886481,10,50,0.00139961242219743,countries_admin
Italy,ssp126,2041-2050,10.6603671516538,14.4484751437134,9.90810644362809,-5.3654821526885,26.5466826816868,10,80,1.42622431170945e-07,countries_admin
Italy,ssp126,2091-2100,12.3684561807983,14.4442899702243,12.4096907654597,-8.88473996180716,31.017794287509,10,80,2.50577843053836e-17,countries_admin
Italy,ssp585,2041-2050,-1.38793013059639,-2.1556233233443,13.6485002899261,-20.0724294905601,25.6142791659702,10,60,1.42622431170945e-07,countries_admin
Italy,ssp585,2091-2100,-17.7698903131984,-21.7991807903018,14.7498694440231,-34.709854689867,13.1730544037739,10,90,2.50577843053836e-17,countries_admin
Jamaica,ssp126,2041-2050,-5.68521174059466,-1.42291682517807,8.64393262080148,-19.0661261380121,3.74335419729814,10,70,0.802241407574119,countries_admin
Jamaica,ssp126,2091-2100,-2.7333174453491,-1.84293407547604,4.23455686986555,-9.31527393491616,1.81244239487651,10,60,0.198288063967371,countries_admin
Jamaica,ssp585,2041-2050,-5.3299895071356,-3.75842557294688,6.33653258076373,-13.5953613278433,4.33035029618814,10,70,0.802241407574119,countries_admin
Jamaica,ssp585,2091-2100,-7.7940990151596,-3.89754984186688,16.5751362144715,-32.61250130531,12.4597816103128,10,50,0.198288063967371,countries_admin
Japan,ssp126,2041-2050,-7.75973164359726,-7.90501282197463,4.91426125900147,-17.3352966974822,-1.90267897149989,10,100,0.189898938053599,countries_admin
Japan,ssp126,2091-2100,-7.03781105855925,-6.38025373465094,5.14312432425968,-16.2017914975331,-0.723714990272917,10,100,9.05229789152651e-26,countries_admin
Japan,ssp585,2041-2050,-9.8358213722899,-9.2768373566987,5.53935478984449,-18.3301657187813,0.50782143123878,10,90,0.189898938053599,countries_admin
Japan,ssp585,2091-2100,-32.3513571024918,-30.9477004378938,14.65156324082,-55.4383513648872,-4.05329683236924,10,100,9.05229789152651e-26,countries_admin
Jordan,ssp126,2041-2050,-5.65484839777394,-5.15798514669904,4.03003465104842,-9.91027696253525,-1.89628308408753,3,100,0.159053100403828,countries_admin
Jordan,ssp126,2091-2100,-6.74061360488863,-7.98278868379691,2.60484646891131,-8.49186160907163,-3.74719052179735,3,100,4.6452632055245e-07,countries_admin
Jordan,ssp585,2041-2050,-9.79816039389631,-9.55157186286969,3.08627787957984,-13.0003354174544,-6.84257390136484,3,100,0.159053100403828,countries_admin
Jordan,ssp585,2091-2100,-24.6562214628888,-27.2063806227128,6.87086405083056,-29.8873918781484,-16.8748918878053,3,100,4.6452632055245e-07,countries_admin
Kazakhstan,ssp126,2041-2050,-0.591294481666197,-0.67098063049232,0.730897424597816,-1.39511002679527,0.371893361115127,4,75,0.00285353012665628,countries_admin
Kazakhstan,ssp126,2091-2100,-4.16231218628652,-3.73732309993228,5.15821444651724,-10.6217583853959,1.44715584011438,4,75,3.15226116052638e-05,countries_admin
Kazakhstan,ssp585,2041-2050,-3.39438025495836,-2.60657808140324,4.36779837173587,-9.35096956141689,0.986604704389945,4,75,0.00285353012665628,countries_admin
Kazakhstan,ssp585,2091-2100,-19.5682274038399,-21.1808512685386,16.6402895673622,-38.2045273788393,2.29332030055713,4,75,3.15226116052638e-05,countries_admin
Kenya,ssp126,2041-2050,-3.95003506468049,-3.2754165568826,8.0688580153849,-22.8569928167471,8.53404997764315,10,80,0.890199738081298,countries_admin
Kenya,ssp126,2091-2100,0.256248203482368,0.903941033567679,5.03421236463108,-7.25782771076314,6.2530646735855,10,60,8.93227398212593e-28,countries_admin
Kenya,ssp585,2041-2050,-3.15645702494053,-2.31565416754668,7.10623709308936,-19.7524293975347,5.59242473498027,10,70,0.890199738081298,countries_admin
Kenya,ssp585,2091-2100,-20.9086056428171,-19.6336345838548,9.86878330745941,-45.1962389883209,-6.25291518783716,10,100,8.93227398212593e-28,countries_admin
Kiribati,ssp126,2041-2050,-4.98162977454145,-4.43804605914036,2.40703076715103,-8.0612987333539,-1.06635364106731,10,100,0.445130073852727,countries_admin
Kiribati,ssp126,2091-2100,-2.60959832600476,-3.05577126732548,4.09862221114546,-8.13812446836208,5.10966607147596,10,80,6.66340758013299e-21,countries_admin
Kiribati,ssp585,2041-2050,-4.80204415348473,-4.89389728657874,5.79411752083427,-12.5629044698802,3.3736041527986,10,80,0.445130073852727,countries_admin
Kiribati,ssp585,2091-2100,-33.1874348448649,-35.4177927588692,17.6861672967718,-56.489267343249,11.3119055873743,10,90,6.66340758013299e-21,countries_admin
Kuwait,ssp126,2041-2050,-14.1208404140698,-14.3818743493932,4.47188588589568,-18.2881326746436,-9.43148028284911,4,100,0.000101275900089971,countries_admin
Kuwait,ssp126,2091-2100,-24.6212549947759,-23.8992353348527,6.40694672721953,-33.0018319823857,-17.6847173270126,4,100,1.86034036560363e-23,countries_admin
Kuwait,ssp585,2041-2050,-25.606044544868,-27.8220586549616,4.85422582223942,-28.4279150716658,-18.3521457978827,4,100,0.000101275900089971,countries_admin
Kuwait,ssp585,2091-2100,-68.9565434886931,-69.1139606417623,4.06256668996265,-73.2074952607072,-64.3907574105406,4,100,1.86034036560363e-23,countries_admin
Latvia,ssp126,2041-2050,-3.59120903454222,-2.22445525843994,8.06349173419683,-20.2803653487469,7.37041723548952,10,60,0.337543562632896,countries_admin
Latvia,ssp126,2091-2100,-3.25212428997717,-3.46911322712471,6.31641777099114,-14.4929500459674,5.86371938359622,10,70,0.000219345931082012,countries_admin
Latvia,ssp585,2041-2050,-1.98873439358826,-0.819978379201775,5.78274023808356,-12.0203580232014,7.09844808850538,10,60,0.337543562632896,countries_admin
Latvia,ssp585,2091-2100,-10.8703577592195,-6.5080298789726,16.6541230264174,-40.7898572476824,16.4280831478568,10,70,0.000219345931082012,countries_admin
Lebanon,ssp126,2041-2050,15.3025168082017,13.7047002314884,14.6778239519486,-4.07070158237973,46.7420604571222,10,80,0.00117021517636889,countries_admin
Lebanon,ssp126,2091-2100,19.0439124083453,10.9441519311837,29.9762965586091,-6.82443049194207,85.9952463312441,10,60,0.0180798496797945,countries_admin
Lebanon,ssp585,2041-2050,7.78873266812397,4.3793314417405,11.5164198818526,-5.96360879414058,25.2365145564955,10,80,0.00117021517636889,countries_admin
Lebanon,ssp585,2091-2100,7.42916702949597,-2.59816198433413,42.3147840627929,-44.1665914266232,75.6913653583156,10,50,0.0180798496797945,countries_admin
Liberia,ssp126,2041-2050,-13.157477315988,-10.8181199127602,5.27484378034957,-21.8303481209516,-7.58048596023309,10,100,0.00024142207529936,countries_admin
Liberia,ssp126,2091-2100,-9.72691575630671,-8.27100527872025,3.96465855310469,-17.0382225361874,-5.51438783134018,10,100,9.45199832991147e-30,countries_admin
Liberia,ssp585,2041-2050,-17.0276479146982,-16.5127055113833,5.0274925935656,-24.6168295648853,-8.95769104806281,10,100,0.00024142207529936,countries_admin
Liberia,ssp585,2091-2100,-30.1062073379586,-28.7821419750139,11.1540913273149,-47.074198223629,-16.5034173488811,10,100,9.45199832991147e-30,countries_admin
Libya,ssp126,2041-2050,5.31613808360475,-1.69332828872177,12.4210534413195,-6.39961688640449,25.6000473397483,10,50,7.98494940019435e-05,countries_admin
Libya,ssp126,2091-2100,7.0031880412727,-5.8665535587936,21.8353803338559,-15.2024971312377,45.1990926415889,10,60,1.08480826195846e-25,countries_admin
Libya,ssp585,2041-2050,-0.31042288732244,-6.59325366814263,13.6089721170032,-14.5187692161304,28.5049614889858,10,60,7.98494940019435e-05,countries_admin
Libya,ssp585,2091-2100,-24.5906491757611,-23.4769355252271,8.49412900263456,-39.8506553656914,-7.66157649796703,10,100,1.08480826195846e-25,countries_admin
Lithuania,ssp126,2041-2050,-2.46925867399321,-2.20332835357293,4.38834753498475,-10.1672787514314,6.52485509357841,10,80,0.169694659982876,countries_admin
Lithuania,ssp126,2091-2100,-2.29871164664789,-3.44322796964962,3.27679339374272,-7.80366352600911,2.60259876889429,10,70,2.77537521608605e-08,countries_admin
Lithuania,ssp585,2041-2050,-3.88466170200503,-3.91354364058677,5.41439316952698,-11.6392738783865,3.6545239429116,10,80,0.169694659982876,countries_admin
Lithuania,ssp585,2091-2100,-13.9278148431595,-15.0801874294992,16.2033556535034,-36.2803011195328,12.5723127438362,10,80,2.77537521608605e-08,countries_admin
Madagascar,ssp126,2041-2050,-4.10722546869442,-1.40353441281725,5.72830011125587,-15.1433224170136,2.17317021850771,10,70,0.285077492770776,countries_admin
Madagascar,ssp126,2091-2100,0.758150044666098,0.652807848522661,9.34244006707263,-10.6547758759029,15.1467025895115,10,50,0.0001049385631068,countries_admin
Madagascar,ssp585,2041-2050,-4.52664892777897,-1.54184862440414,13.1861537380816,-38.7052896149982,9.71302229677701,10,50,0.285077492770776,countries_admin
Madagascar,ssp585,2091-2100,-10.0247153817851,-7.48104498859701,23.1392022976439,-49.9545154380444,29.5009695330645,10,60,0.0001049385631068,countries_admin
Malaysia,ssp126,2041-2050,-8.54727126887488,-7.9308499508618,3.68933080076689,-17.6567813730417,-4.31855180967796,10,100,0.202582871095729,countries_admin
Malaysia,ssp126,2091-2100,-8.0181543569817,-8.82934584521763,3.27855943601384,-13.8743878874301,-3.92415389164986,10,100,8.39884993383267e-31,countries_admin
Malaysia,ssp585,2041-2050,-9.52830701180192,-9.04119446228076,3.51679786939231,-15.5387946306707,-5.2223849180373,10,100,0.202582871095729,countries_admin
Malaysia,ssp585,2091-2100,-23.7385298002095,-24.1471038310193,4.92933217315517,-29.7046798414158,-13.9041020077612,10,100,8.39884993383267e-31,countries_admin
Maldives,ssp126,2041-2050,-7.89240169076452,-7.41548958914713,3.58237159734373,-13.7182274898358,-2.27601350675384,10,100,0.213166070595553,countries_admin
Maldives,ssp126,2091-2100,-11.5229546612159,-10.342023777853,5.2581511334526,-23.2060873260849,-3.83987979581663,10,100,1.09414481805133e-09,countries_admin
Maldives,ssp585,2041-2050,-9.47696675419762,-9.29395620262959,5.91117007908112,-18.763334965332,2.49351210275707,10,90,0.213166070595553,countries_admin
Maldives,ssp585,2091-2100,-19.445466373627,-23.0513852097791,9.83438386083481,-29.2547493718721,1.04787106564762,10,90,1.09414481805133e-09,countries_admin
Malta,ssp126,2041-2050,3.77750099579033,-1.73556046702626,15.6490667965702,-15.3808123416527,27.0801745160441,10,50,0.0663270849515168,countries_admin
Malta,ssp126,2091-2100,8.86409553905025,-3.09905005830267,31.3656415698094,-21.4450425272854,67.2503927513196,10,50,1.46484941617513e-14,countries_admin
Malta,ssp585,2041-2050,0.459682991650047,-5.42939457761835,17.5102582663551,-17.0824134779527,38.6540380653766,10,60,0.0663270849515168,countries_admin
Malta,ssp585,2091-2100,-21.8374009271984,-21.0909849443776,12.4662446377346,-40.6471820060769,2.18503096047653,10,90,1.46484941617513e-14,countries_admin
Marshall Islands,ssp126,2041-2050,-6.09786533869921,-1.53201758262242,10.9549196672827,-19.7712295019138,8.85160276890599,10,50,0.00561283937940605,countries_admin
Marshall Islands,ssp126,2091-2100,-7.96585937347831,-4.65177039471176,6.03267260618794,-16.6854774624957,-1.00338309336523,10,100,2.83380078137214e-10,countries_admin
Marshall Islands,ssp585,2041-2050,-10.4720181264773,-7.81111276235047,7.67174904045014,-20.868489282475,2.6879717381572,10,90,0.00561283937940605,countries_admin
Marshall Islands,ssp585,2091-2100,-29.6940976453741,-21.1147664146127,24.7913998803634,-63.3168410758321,1.75867885604777,10,80,2.83380078137214e-10,countries_admin
Mauritania,ssp126,2041-2050,-10.6694989640877,-10.2516399731195,6.17421544647179,-21.263408329496,0.225636222290931,10,90,0.29285510641372,countries_admin
Mauritania,ssp126,2091-2100,-8.69465919314439,-7.63299132442931,6.36782726157491,-19.6610062067413,1.82377203262064,10,90,1.71447366787952e-20,countries_admin
Mauritania,ssp585,2041-2050,-13.1571376537206,-13.2866670403515,5.63269150713266,-21.3965122033958,-0.97885464808277,10,100,0.29285510641372,countries_admin
Mauritania,ssp585,2091-2100,-28.7156781234341,-31.0920528976957,12.5628281795267,-39.6563584223176,-0.234302511061836,10,100,1.71447366787952e-20,countries_admin
Mauritius,ssp126,2041-2050,-6.27165616354921,-4.99720296730001,7.20268617986104,-24.1794530964236,1.6871868672929,10,90,0.152543684966694,countries_admin
Mauritius,ssp126,2091-2100,-9.25052114044768,-7.19195501163596,7.38728448649571,-24.3072073967696,-0.962854397473254,10,100,3.11492552730702e-10,countries_admin
Mauritius,ssp585,2041-2050,-8.28803975638175,-5.9809681650476,9.96712793460346,-35.6617960177091,-0.76612697131046,10,100,0.152543684966694,countries_admin
Mauritius,ssp585,2091-2100,-20.2760900365755,-20.1040033956007,13.3016416167413,-49.7675120651029,-0.327468037356449,10,100,3.11492552730702e-10,countries_admin
Mexico,ssp126,2041-2050,-7.13051185227047,-5.88492237516094,3.8467421431051,-13.1184874805317,-2.54237878417788,10,100,0.0750745198404335,countries_admin
Mexico,ssp126,2091-2100,-9.13396591710337,-8.77945223926429,4.01117949449498,-15.8291303006564,-4.31967386352841,10,100,2.576349909889e-12,countries_admin
Mexico,ssp585,2041-2050,-8.66130758646327,-9.1465115866962,4.12499588663816,-14.7416755872144,-2.4068282073538,10,100,0.0750745198404335,countries_admin
Mexico,ssp585,2091-2100,-16.5811452361126,-14.7101810862066,7.83455427551755,-29.9651346716635,-2.78694188456903,10,100,2.576349909889e-12,countries_admin
Micronesia (Federated States of),ssp126,2041-2050,-10.8634877657323,-5.8101678450692,10.9302394889455,-27.0355977896313,4.13010831371544,10,90,0.00613904801873396,countries_admin
Micronesia (Federated States of),ssp126,2091-2100,-9.31077370497871,-3.90088891169434,8.99155118542714,-21.1590035695611,2.0177610272256,10,90,2.87641613830904e-19,countries_admin
Micronesia (Federated States of),ssp585,2041-2050,-15.6006547382159,-16.1874930507366,7.49700167770114,-26.123861254642,-1.66144711097067,10,100,0.00613904801873396,countries_admin
Micronesia (Federated States of),ssp585,2091-2100,-40.6656585573125,-38.2598726159138,23.8986463439385,-72.390959919711,-4.64889354525218,10,100,2.87641613830904e-19,countries_admin
Montenegro,ssp126,2041-2050,4.4166635076087,4.73730762851042,4.79556187454591,-2.03899470196744,15.4713318274717,10,90,4.92598470707145e-06,countries_admin
Montenegro,ssp126,2091-2100,-2.57601796005514,-2.31515944758186,7.40446258822173,-14.0804842609279,5.98826290681113,10,60,2.74567797669187e-10,countries_admin
Montenegro,ssp585,2041-2050,-1.63537379901818,-2.57416025719409,5.65641120336685,-8.63112711006135,7.86809109750589,10,60,4.92598470707145e-06,countries_admin
Montenegro,ssp585,2091-2100,-18.2675527701189,-24.6553214778018,21.6924971974903,-40.7350537441489,31.1419239414159,10,80,2.74567797669187e-10,countries_admin
Morocco,ssp126,2041-2050,2.79650928122947,3.41337849738271,11.130928737799,-14.192596592676,23.9741360665186,10,60,4.76179937548763e-05,countries_admin
Morocco,ssp126,2091-2100,-9.41555949192169,-6.39800521301082,10.5307859313695,-26.9377413630479,7.78473480950816,10,80,0.000126870569509468,countries_admin
Morocco,ssp585,2041-2050,15.8656518167742,13.2190968748838,14.376046799604,-0.23495876207884,46.0781058478297,10,90,4.76179937548763e-05,countries_admin
Morocco,ssp585,2091-2100,17.6845621889249,27.6322494432647,47.7021336480975,-37.9527185724055,75.4305954794466,10,60,0.000126870569509468,countries_admin
Mozambique,ssp126,2041-2050,-5.16158256185338,-3.72743796899979,5.22602702904697,-14.1834607321652,2.24339044812384,10,90,0.473291024607099,countries_admin
Mozambique,ssp126,2091-2100,-0.426032006362252,-0.438997196805647,6.73997734633385,-10.2252751338956,10.9642900869735,10,50,0.00759863626696776,countries_admin
Mozambique,ssp585,2041-2050,-5.96247126901861,-4.48641676941296,8.40926485294081,-23.887194986374,6.90807925492108,10,80,0.473291024607099,countries_admin
Mozambique,ssp585,2091-2100,-9.82207122434525,-12.2082870332454,23.6358538172675,-43.7658984972591,28.2527206692803,10,60,0.00759863626696776,countries_admin
Myanmar,ssp126,2041-2050,-3.31009716154246,-2.57005643069891,3.74748616281219,-9.19454334375367,1.39095482949446,10,80,0.482383420454445,countries_admin
Myanmar,ssp126,2091-2100,-3.15619663623636,-3.71478513540228,4.28748622406916,-12.2899225955124,2.82516347661704,10,80,2.32017465991685e-12,countries_admin
Myanmar,ssp585,2041-2050,-2.88871194602957,-4.31332193375431,3.50926106800719,-7.24865122146202,2.48737652324951,10,70,0.482383420454445,countries_admin
Myanmar,ssp585,2091-2100,-11.713397889896,-11.3515889330537,7.88040118701248,-23.5287884186059,2.34710281680911,10,90,2.32017465991685e-12,countries_admin
Namibia,ssp126,2041-2050,-12.1858939872628,-10.5830207019504,12.4161360118868,-36.9162317910869,-0.00116095462164551,10,100,0.000217245772740512,countries_admin
Namibia,ssp126,2091-2100,-9.23292423198846,-8.35916705939629,15.4495043118539,-41.9659358452545,8.58193496254993,10,60,1.79925353360238e-15,countries_admin
Namibia,ssp585,2041-2050,-18.763294236408,-16.0636684670823,14.649220165701,-48.2478686519147,-2.89254374458802,10,100,0.000217245772740512,countries_admin
Namibia,ssp585,2091-2100,-32.6871345825728,-31.2391966644674,20.4092306773588,-67.6585979058425,-4.89541301884377,10,100,1.79925353360238e-15,countries_admin
Nauru,ssp126,2041-2050,-8.00266001985755,-7.92199924513502,3.2188864174775,-12.4975964662274,-0.855003195280597,10,100,0.617305327687088,countries_admin
Nauru,ssp126,2091-2100,-4.68596038092352,-2.40552405728447,6.59695410342355,-15.0233195481786,3.43160457877103,10,70,1.52820560073832e-27,countries_admin
Nauru,ssp585,2041-2050,-6.92870995164395,-7.19041564632777,4.46637350627916,-13.0597631220859,-1.15878212321327,10,100,0.617305327687088,countries_admin
Nauru,ssp585,2091-2100,-46.3612508930807,-54.6931717325637,18.0319048036749,-64.5035618592773,-6.16651198626104,10,100,1.52820560073832e-27,countries_admin
Netherlands (Kingdom of the),ssp126,2041-2050,-3.932260736869,-3.2160568880545,3.71672912475092,-11.4759201783174,2.03830233589328,10,90,6.77804006290664e-05,countries_admin
Netherlands (Kingdom of the),ssp126,2091-2100,-7.13197994050426,-6.96186023214948,6.28205784697978,-18.8409749676955,1.57721344256269,10,80,9.29110948078958e-18,countries_admin
Netherlands (Kingdom of the),ssp585,2041-2050,-7.38066938709024,-7.78686177654099,4.53699202687676,-13.3514311218649,-0.384946436734495,10,100,6.77804006290664e-05,countries_admin
Netherlands (Kingdom of the),ssp585,2091-2100,-22.0247543455112,-19.5308197055605,12.0299901229997,-43.4387115082848,-7.552382105711,10,100,9.29110948078958e-18,countries_admin
New Zealand,ssp126,2041-2050,-5.76871603682151,-5.67990181576688,2.8637784406422,-10.3415126453695,0.0569908033799671,10,90,1.53053351156678e-11,countries_admin
New Zealand,ssp126,2091-2100,-7.51598379989309,-8.35088739654076,4.24741567981302,-13.0669551040231,0.984342536959656,10,90,1.10913668440127e-32,countries_admin
New Zealand,ssp585,2041-2050,-9.65953343259794,-8.91031662283116,2.53837172848015,-14.0814997370118,-5.73802969964422,10,100,1.53053351156678e-11,countries_admin
New Zealand,ssp585,2091-2100,-26.5081826017892,-26.2483913949896,7.30980651973714,-35.505238502688,-15.1728313169067,10,100,1.10913668440127e-32,countries_admin
Nicaragua,ssp126,2041-2050,-11.9098082172535,-5.61040074414333,16.5527521821473,-46.3083044253265,4.03630087349385,10,70,0.671618343687047,countries_admin
Nicaragua,ssp126,2091-2100,-10.7627680920377,-6.93648592606703,11.4810351665305,-29.6759759392728,1.16728123955196,10,80,8.51940655491338e-09,countries_admin
Nicaragua,ssp585,2041-2050,-12.2463751344111,-8.02530086038211,12.8938685197058,-39.3800167043101,0.0480021181979282,10,90,0.671618343687047,countries_admin
Nicaragua,ssp585,2091-2100,-28.5608648615692,-21.8232533081692,22.1017566091403,-66.4916840795865,-1.69251340487079,10,100,8.51940655491338e-09,countries_admin
Nigeria,ssp126,2041-2050,-7.17433742355724,-7.26556345249243,3.12911069517889,-12.5183617543959,-2.54603735048944,10,100,7.7422856453563e-07,countries_admin
Nigeria,ssp126,2091-2100,-2.44955527723497,-3.2840766857329,5.14117061383656,-8.89534019275181,5.03962893199373,10,70,1.03966904910891e-31,countries_admin
Nigeria,ssp585,2041-2050,-11.2979382281969,-13.4676570438712,9.3056084987018,-21.5322094626575,11.6513587711033,10,90,7.7422856453563e-07,countries_admin
Nigeria,ssp585,2091-2100,-21.2601597766287,-20.6345010715553,5.56814842586576,-29.3179300430335,-13.1498082622851,10,100,1.03966904910891e-31,countries_admin
Norway,ssp126,2041-2050,-5.89376943971094,-5.32709924783043,3.43245233959495,-11.9661498823662,-1.30548372469605,10,100,0.198288063967371,countries_admin
Norway,ssp126,2091-2100,-7.88464484057846,-7.81634718058608,7.42619804126849,-20.0267859210113,5.39636953243891,10,90,6.52933549321138e-22,countries_admin
Norway,ssp585,2041-2050,-3.8868711582606,-4.86369825383677,6.65470126187082,-11.011989184272,10.7435504528943,10,80,0.198288063967371,countries_admin
Norway,ssp585,2091-2100,-21.3482102357497,-21.980760305832,7.62846192345984,-32.7003632080325,-9.21324235533391,10,100,6.52933549321138e-22,countries_admin
Oman,ssp126,2041-2050,-11.0637117952066,-10.718306683051,7.68731269583477,-21.0523574136907,1.31831173457981,10,90,0.0804216559654762,countries_admin
Oman,ssp126,2091-2100,-10.4143402303146,-10.9020687508566,8.26764965809529,-25.1266761202442,1.44427018743563,10,90,1.18031210456619e-21,countries_admin
Oman,ssp585,2041-2050,-13.8703159828418,-15.0795716386894,6.74261580140939,-23.0261992130358,-0.688596071818084,10,100,0.0804216559654762,countries_admin
Oman,ssp585,2091-2100,-32.990246863929,-36.7466993919625,13.7419884730805,-50.4212228728701,-1.80856908673563,10,100,1.18031210456619e-21,countries_admin
Pakistan,ssp126,2041-2050,-8.09402943022565,-7.24068112155527,6.62069171523687,-18.5285555507769,1.66756171683741,10,90,0.0140169964283155,countries_admin
Pakistan,ssp126,2091-2100,-10.0050292677513,-9.933466130275,6.31677050697082,-19.5458559108962,-0.383810403229281,10,100,1.29386955312142e-09,countries_admin
Pakistan,ssp585,2041-2050,-11.1275190064226,-12.1320291941796,5.63916559517096,-18.0618011133411,0.100831759776823,10,90,0.0140169964283155,countries_admin
Pakistan,ssp585,2091-2100,-20.8345677376003,-24.0829531118879,11.7786308975896,-31.7532613982105,5.85087586770194,10,90,1.29386955312142e-09,countries_admin
Palau,ssp126,2041-2050,-12.8114136094651,-5.00315431039573,16.3603699156727,-36.0654086085766,8.04907674176771,10,80,0.00277220100136815,countries_admin
Palau,ssp126,2091-2100,-13.1167067653578,-5.751112172883,12.8622076692001,-30.0774197175028,3.45782094700728,10,90,2.10655810192101e-15,countries_admin
Palau,ssp585,2041-2050,-20.0919002834424,-17.2989077025777,12.0550834270247,-37.8148079478631,-2.06947785839346,10,100,0.00277220100136815,countries_admin
Palau,ssp585,2091-2100,-41.5765239648748,-34.5072248304064,23.6684687996428,-75.1891235494626,-6.47336115276516,10,100,2.10655810192101e-15,countries_admin
Panama,ssp126,2041-2050,-9.03178047322203,-8.0289750346838,13.2904057247178,-35.7126092827688,5.77029335680469,10,70,0.694937103592147,countries_admin
Panama,ssp126,2091-2100,-10.6459970251865,-8.24410323164892,10.0541724607321,-27.1657868878598,1.51946972597697,10,90,0.000432032413433334,countries_admin
Panama,ssp585,2041-2050,-8.32791667939287,-5.47152088922816,10.9217878747975,-30.9736891320569,3.55800096727846,10,70,0.694937103592147,countries_admin
Panama,ssp585,2091-2100,-22.281065921947,-19.0790761649139,20.6264781777498,-53.095539095946,4.01096949347263,10,80,0.000432032413433334,countries_admin
Papua New Guinea,ssp126,2041-2050,-12.5131988342672,-8.92811400381308,8.8256563828139,-27.3985336714427,-3.26657123558733,10,100,0.0318317430011593,countries_admin
Papua New Guinea,ssp126,2091-2100,-11.2671501307162,-2.64603993726244,13.2566189463,-31.4928524091084,1.4502593294295,10,90,3.59081957562798e-27,countries_admin
Papua New Guinea,ssp585,2041-2050,-16.5305181824213,-14.5808833936712,9.39049292714407,-34.1490018977404,-4.24708134398409,10,100,0.0318317430011593,countries_admin
Papua New Guinea,ssp585,2091-2100,-50.4563534641942,-53.0494491361015,19.2839052885984,-73.2970911559427,-16.5801408229811,10,100,3.59081957562798e-27,countries_admin
Peru,ssp126,2041-2050,-6.0269726378869,-5.53387239132321,5.66997418262196,-17.1063272203723,2.59154660864426,10,80,0.00859226710367251,countries_admin
Peru,ssp126,2091-2100,-8.26962105924289,-6.20531118820394,6.53841816098736,-18.8017844287839,-0.628029215854633,10,100,1.43000339574746e-24,countries_admin
Peru,ssp585,2041-2050,-10.0407725828545,-8.87964497266697,7.12908251618435,-23.1307842335645,0.215132312452324,10,90,0.00859226710367251,countries_admin
Peru,ssp585,2091-2100,-37.2800223673519,-37.3164465082798,20.4242033937824,-81.5314143213114,-13.5034308154222,10,100,1.43000339574746e-24,countries_admin
Philippines,ssp126,2041-2050,-6.56348304464396,-5.59262042650322,4.72517613263348,-12.6625225157133,2.67217996455971,10,90,0.617305327687088,countries_admin
Philippines,ssp126,2091-2100,-6.71730040219167,-5.1096892978989,4.82350986259558,-15.590643963309,0.486903905599477,10,90,3.25049906423419e-20,countries_admin
Philippines,ssp585,2041-2050,-8.13937905868658,-3.85680706502144,8.13285101786625,-19.7321548801771,2.91125970534823,10,90,0.617305327687088,countries_admin
Philippines,ssp585,2091-2100,-23.0954019742075,-18.3760110507618,12.5611980541546,-41.3818656960447,-5.80501657544814,10,100,3.25049906423419e-20,countries_admin
Poland,ssp126,2041-2050,-2.85661659229069,-3.43710551469379,4.88196375944542,-8.74199046817626,5.58327404734013,10,70,0.820240817664939,countries_admin
Poland,ssp126,2091-2100,-3.1653027700407,-2.91779115081185,5.50559217113138,-11.5602386043179,4.54782015683772,10,60,8.14000576547703e-07,countries_admin
Poland,ssp585,2041-2050,-3.31021292830415,-2.51339067918025,5.92316956076376,-15.6596971657229,3.26014759656397,10,70,0.820240817664939,countries_admin
Poland,ssp585,2091-2100,-14.2992340277857,-15.4110619042828,17.6674501191386,-40.8240601959262,12.5412424129639,10,80,8.14000576547703e-07,countries_admin
Portugal,ssp126,2041-2050,-21.2819269992968,-20.2599406178409,10.2212652675815,-34.4414780986907,-8.12379123975147,10,100,0.108157905479754,countries_admin
Portugal,ssp126,2091-2100,-27.6989793462738,-28.1489586657426,4.86913297132301,-37.7941926884399,-18.8963329449249,10,100,4.08287331566599e-28,countries_admin
Portugal,ssp585,2041-2050,-23.0400553300906,-22.4001324780871,6.8349801362178,-33.8673420898802,-14.5616285007307,10,100,0.108157905479754,countries_admin
Portugal,ssp585,2091-2100,-50.2469832020333,-49.2663494957828,8.8662872764305,-65.0733975403499,-31.3218227232544,10,100,4.08287331566599e-28,countries_admin
Qatar,ssp126,2041-2050,-14.8425945907913,-7.50812700519256,25.7784891457335,-85.1099909125016,0.279530383299388,10,90,0.0288440508316432,countries_admin
Qatar,ssp126,2091-2100,-14.8091111528518,-6.77465807075202,25.1972984338736,-84.9128026528785,-1.71322870682857,10,100,1.41497196669857e-13,countries_admin
Qatar,ssp585,2041-2050,-16.6196665214783,-10.7942506646636,24.9882017214768,-84.3781856948078,-0.0216109491895657,10,100,0.0288440508316432,countries_admin
Qatar,ssp585,2091-2100,-32.1979617793322,-33.6969976275182,22.3259169035115,-82.5000289718494,-6.84246797788074,10,100,1.41497196669857e-13,countries_admin
Republic of Korea,ssp126,2041-2050,-8.65122480309317,-9.00444039185523,6.17247392145744,-19.7115203603448,3.29494744145016,10,90,0.0421862787416248,countries_admin
Republic of Korea,ssp126,2091-2100,-7.70789079132433,-6.43372698123657,3.89081346127185,-13.771137769299,-2.68036522401543,10,100,6.27439810868612e-20,countries_admin
Republic of Korea,ssp585,2041-2050,-11.6944126569986,-11.8254820179096,8.36744191986165,-27.8987074741597,2.01798036688516,10,90,0.0421862787416248,countries_admin
Republic of Korea,ssp585,2091-2100,-30.6739695193872,-34.7993938449953,19.8401548032002,-60.9244806960497,12.0559913927359,10,90,6.27439810868612e-20,countries_admin
Romania,ssp126,2041-2050,-1.98920799312604,-2.91058814081813,2.43800936749423,-4.46906275005642,2.6947500663329,10,70,0.0566704423196165,countries_admin
Romania,ssp126,2091-2100,-0.545589398672593,-1.40917349389188,6.04470455941359,-7.58200730292744,13.8968759502517,10,60,5.36960175830549e-07,countries_admin
Romania,ssp585,2041-2050,-3.84954681873502,-2.93254062619629,5.35501640300167,-13.3933487949972,5.02665909895276,10,80,0.0566704423196165,countries_admin
Romania,ssp585,2091-2100,-3.96659013973206,-10.2155831034661,34.5340290356123,-36.0766464120768,86.6772822548355,10,70,5.36960175830549e-07,countries_admin
Russian Federation,ssp126,2041-2050,-2.02767078656196,-2.1537271039572,2.93795000143412,-8.49429453019316,1.92460300317668,10,70,0.00354340739134984,countries_admin
Russian Federation,ssp126,2091-2100,-5.14063223012694,-4.3979941433263,4.63047405213168,-12.605240598264,1.99552868370584,10,90,2.15450222950144e-19,countries_admin
Russian Federation,ssp585,2041-2050,-4.07367791884291,-3.23812437629608,4.13003171755151,-10.2501233144588,1.36854432808153,10,80,0.00354340739134984,countries_admin
Russian Federation,ssp585,2091-2100,-19.6618931614794,-17.9134252586226,11.8550652112326,-44.1656272916655,-2.43014366383945,10,100,2.15450222950144e-19,countries_admin
Saint Kitts and Nevis,ssp126,2041-2050,-5.62069469042131,-5.14076668060223,5.18455842162364,-13.6038126264239,0.573016153531119,10,90,0.153244808784779,countries_admin
Saint Kitts and Nevis,ssp126,2091-2100,-0.283473123175533,-0.729740134628039,5.27199604111872,-10.9594932426114,6.47867736414262,10,60,0.000314822620953779,countries_admin
Saint Kitts and Nevis,ssp585,2041-2050,-3.81609507734537,-3.52379402708663,7.69603606527581,-14.9094975509209,12.491563166826,10,80,0.153244808784779,countries_admin
Saint Kitts and Nevis,ssp585,2091-2100,-5.16260371458598,-3.71774680344878,14.5813689010991,-29.1511798661221,14.9416581520624,10,60,0.000314822620953779,countries_admin
Saint Lucia,ssp126,2041-2050,-9.74895346562649,-11.9879877916025,5.54066258023905,-16.94662320469,-0.371326859118301,10,100,0.24480653924407,countries_admin
Saint Lucia,ssp126,2091-2100,-4.25312896094049,-6.29069176402589,6.68278213441306,-13.2773961598397,9.76713605369124,10,80,7.38075551269773e-06,countries_admin
Saint Lucia,ssp585,2041-2050,-11.2004087383394,-12.9462252387526,5.82332517482051,-16.3264992303088,-0.427534852294625,10,100,0.24480653924407,countries_admin
Saint Lucia,ssp585,2091-2100,-10.9635506394838,-12.1013400805662,14.5128187556325,-28.4309865238824,21.7415448292706,10,90,7.38075551269773e-06,countries_admin
Saint Vincent and the Grenadines,ssp126,2041-2050,-7.85028705663383,-10.0365691435223,6.57077266489748,-16.5780061960598,5.90825420161676,10,90,0.439325577416059,countries_admin
Saint Vincent and the Grenadines,ssp126,2091-2100,-2.15151995906819,-5.35465681126902,11.0529471115827,-10.83609330545,27.6677100260323,10,80,2.92257755600697e-05,countries_admin
Saint Vincent and the Grenadines,ssp585,2041-2050,-9.06402152409137,-10.9598899984465,5.73346585522186,-15.4063638154828,-0.319902450102766,10,100,0.439325577416059,countries_admin
Saint Vincent and the Grenadines,ssp585,2091-2100,-9.2414663927287,-9.74242006237433,18.1726358078005,-31.6641637662897,33.9966661277502,10,90,2.92257755600697e-05,countries_admin
Samoa,ssp126,2041-2050,-10.9388560580956,-10.0494536739314,8.19534052806478,-22.9200467836698,-0.201419605210058,10,100,0.00922958817907779,countries_admin
Samoa,ssp126,2091-2100,-9.62188857286398,-6.27193570679579,8.15937441109856,-21.3052712830793,-0.448438668639008,10,100,1.16765036700277e-07,countries_admin
Samoa,ssp585,2041-2050,-15.4947600869396,-15.4315013220295,12.3888743092613,-37.8309476421629,-0.267337413841285,10,100,0.00922958817907779,countries_admin
Samoa,ssp585,2091-2100,-28.661304650592,-19.8400437666822,26.5820735559055,-69.349084352125,11.345363274173,10,90,1.16765036700277e-07,countries_admin
Sao Tome and Principe,ssp126,2041-2050,-8.5883889900653,-8.08113146335658,5.39703669859677,-17.3498921465816,-1.07639111287726,10,100,1.67719297513509e-05,countries_admin
Sao Tome and Principe,ssp126,2091-2100,-3.88050298873948,-2.5668538221943,6.19066727090974,-13.4455028423717,4.28955720595027,10,70,7.0383809288224e-25,countries_admin
Sao Tome and Principe,ssp585,2041-2050,-14.5394405604931,-15.3344749297697,8.691179010243,-27.8257105236361,-1.29902505632827,10,100,1.67719297513509e-05,countries_admin
Sao Tome and Principe,ssp585,2091-2100,-22.8341806171395,-23.3104079966582,10.0568297994883,-36.2306881955599,-4.33143027310052,10,100,7.0383809288224e-25,countries_admin
Saudi Arabia,ssp126,2041-2050,-4.04204732050618,-1.43255163105387,7.31383646723072,-13.7297556441779,5.10248358012648,10,50,0.0125630312143638,countries_admin
Saudi Arabia,ssp126,2091-2100,-5.26258897865836,-2.33635473387757,5.96159729727889,-12.6582273407908,0.717763333740547,10,70,0.0700213003206785,countries_admin
Saudi Arabia,ssp585,2041-2050,-8.03722688977268,-7.72082878180177,6.27635930246966,-16.1617284736657,-0.114212008484614,10,100,0.0125630312143638,countries_admin
Saudi Arabia,ssp585,2091-2100,-13.1742621535366,-13.1213543869771,23.9025608101329,-40.4050043268621,16.7464596230204,10,60,0.0700213003206785,countries_admin
Senegal,ssp126,2041-2050,-16.0121191340073,-15.8830837045048,7.41236530681108,-25.7698916627319,-4.43228844099905,10,100,0.237452384443102,countries_admin
Senegal,ssp126,2091-2100,-8.66443393955993,-6.30210587807264,7.83814534230419,-27.2672051596243,0.0156104214571862,10,90,6.64129291231722e-28,countries_admin
Senegal,ssp585,2041-2050,-20.3631370168694,-21.6944713534494,6.68458224046851,-28.5436574153863,-9.45788725311965,10,100,0.237452384443102,countries_admin
Senegal,ssp585,2091-2100,-38.5213945003488,-43.6780642862513,12.7996982570033,-51.3744264095694,-15.8484994624605,10,100,6.64129291231722e-28,countries_admin
Seychelles,ssp126,2041-2050,-4.39881740201507,-2.60506785094279,8.9332962849742,-26.2493416798824,5.91197688989721,10,70,0.0546403245189351,countries_admin
Seychelles,ssp126,2091-2100,-3.60947746562531,-1.91523154907805,7.64894649388198,-17.6612496526374,5.17466118424286,10,50,2.86200646223458e-18,countries_admin
Seychelles,ssp585,2041-2050,-6.79389335434945,-4.62807575624952,9.93578353851011,-33.5095095909467,3.11517124444179,10,90,0.0546403245189351,countries_admin
Seychelles,ssp585,2091-2100,-20.0018119592052,-19.6027085689627,11.9846364799155,-49.1469597613828,-3.48892458853865,10,100,2.86200646223458e-18,countries_admin
Sierra Leone,ssp126,2041-2050,-10.0519527519636,-8.52234682461906,6.73878596191548,-20.5559411294601,-0.136995099834644,10,100,0.0561965371916058,countries_admin
Sierra Leone,ssp126,2091-2100,-7.16829510780959,-6.17828029855275,6.29081475428422,-19.0135365039986,-0.549112716574488,10,100,1.98421769891488e-24,countries_admin
Sierra Leone,ssp585,2041-2050,-12.2010201413066,-11.8866955444132,5.82624811935827,-21.0524223547358,-1.61816954397291,10,100,0.0561965371916058,countries_admin
Sierra Leone,ssp585,2091-2100,-26.0692132770197,-23.017179350205,12.2997846142332,-45.0046728808192,-8.76389155208909,10,100,1.98421769891488e-24,countries_admin
Solomon Islands,ssp126,2041-2050,-13.2479557463936,-11.5699791412689,6.30633677437358,-20.7086764714682,-1.87912158668154,10,100,0.177809929215352,countries_admin
Solomon Islands,ssp126,2091-2100,-12.906593753262,-5.74999700643972,11.463510711762,-28.4855966437087,-3.00166439599843,10,100,1.66592903586769e-18,countries_admin
Solomon Islands,ssp585,2041-2050,-16.2997141834779,-9.83597379770518,12.8686409357514,-35.7478080768753,-2.49428396351299,10,100,0.177809929215352,countries_admin
Solomon Islands,ssp585,2091-2100,-43.4995808676406,-40.5939774651593,25.1277230048669,-74.4628413340343,-4.76027909987527,10,100,1.66592903586769e-18,countries_admin
Somalia,ssp126,2041-2050,-6.21928493637119,-6.16331404238703,4.45577456184541,-13.8608399009324,3.23686057969563,10,90,0.0185623612783149,countries_admin
Somalia,ssp126,2091-2100,-4.36869729035275,-5.67224396672965,5.21322120236566,-11.8308682947814,2.35873655464334,10,70,2.07075855588203e-28,countries_admin
Somalia,ssp585,2041-2050,-8.26789624977972,-8.89130136624129,3.90944641996492,-12.5051935844458,1.59531881075369,10,90,0.0185623612783149,countries_admin
Somalia,ssp585,2091-2100,-27.3168433096151,-27.3156520482202,8.7901769975585,-39.5234046905742,-6.16492124915242,10,100,2.07075855588203e-28,countries_admin
South Africa,ssp126,2041-2050,-4.82862061928515,-4.09702694586659,4.19503418179944,-13.3742801425424,0.216936599843624,10,80,0.0163668947756447,countries_admin
South Africa,ssp126,2091-2100,-5.83264356665127,-5.1488002773195,6.08112883447537,-17.5184315500685,2.90660930051923,10,80,8.81593165076262e-11,countries_admin
South Africa,ssp585,2041-2050,-6.68347110427703,-5.95430057800832,4.86497582891243,-14.6917373427853,0.980620083894004,10,90,0.0163668947756447,countries_admin
South Africa,ssp585,2091-2100,-15.8448366986076,-14.8963535422641,12.1043931330294,-33.6855860107533,4.80995407051256,10,90,8.81593165076262e-11,countries_admin
Spain,ssp126,2041-2050,-11.6565436136274,-7.43726102124774,11.5191630860486,-33.2893398875899,-0.665234613525388,10,100,1.50030750817057e-10,countries_admin
Spain,ssp126,2091-2100,-12.3911579154949,-9.68242118693022,7.37658389666733,-25.6991436620801,-2.92293530842228,10,100,6.1025005341845e-08,countries_admin
Spain,ssp585,2041-2050,0.284010751248038,1.59768847317182,4.99810177496317,-7.83435548375417,6.91080606135126,10,60,1.50030750817057e-10,countries_admin
Spain,ssp585,2091-2100,-22.7184999770774,-27.3989455932522,14.7726465275628,-41.2751821527905,5.33382413189362,10,90,6.1025005341845e-08,countries_admin
Sri Lanka,ssp126,2041-2050,-10.5614874083991,-9.45955221583375,5.85344225240033,-23.8238189283568,-2.45517174943251,10,100,0.0370300670124435,countries_admin
Sri Lanka,ssp126,2091-2100,-14.4951633150198,-14.4079676771612,6.79140009293817,-29.3412209809266,-3.66581056845231,10,100,1.41497196669857e-13,countries_admin
Sri Lanka,ssp585,2041-2050,-13.3018186915808,-12.0213965339223,6.00717767317919,-23.9988426464521,-3.22858075108665,10,100,0.0370300670124435,countries_admin
Sri Lanka,ssp585,2091-2100,-26.1993717388106,-29.4830450225064,9.39797270947148,-40.5029109244792,-10.2966708191565,10,100,1.41497196669857e-13,countries_admin
Sudan,ssp126,2041-2050,-15.0648341497225,-12.1896736933423,6.23818157635583,-24.3793822106904,-11.5006070015151,4,100,0.0433753414079787,countries_admin
Sudan,ssp126,2091-2100,-12.2411877670778,-10.0522361711421,5.36324968771512,-20.1933667122456,-8.66691201378169,4,100,2.2467330595395e-18,countries_admin
Sudan,ssp585,2041-2050,-17.7958995038208,-14.8600830466461,6.35252154228813,-27.3093678665845,-14.1540640554063,4,100,0.0433753414079787,countries_admin
Sudan,ssp585,2091-2100,-40.9812781528703,-38.5623225109541,6.77678616110343,-50.9175436867807,-35.8829239027924,4,100,2.2467330595395e-18,countries_admin
Suriname,ssp126,2041-2050,-5.43689533248053,-8.43611128482861,10.1651287398287,-17.4727764573125,17.2652902973517,10,70,0.0993391684978243,countries_admin
Suriname,ssp126,2091-2100,-1.55351153939286,-7.57393637137596,15.3237405270596,-15.6678920157814,38.8102899511331,10,60,9.9367845421421e-07,countries_admin
Suriname,ssp585,2041-2050,-7.68032303512624,-11.9705252320862,11.0135707646683,-16.574641385384,20.7630712307797,10,90,0.0993391684978243,countries_admin
Suriname,ssp585,2091-2100,-3.63202710584829,-12.9859311249752,43.7023233629455,-44.8128115922508,116.476968664559,10,90,9.9367845421421e-07,countries_admin
Sweden,ssp126,2041-2050,-1.72174356392432,0.486421766217272,6.42979686064303,-11.834904618608,7.85307904705705,10,50,0.0048624805116522,countries_admin
Sweden,ssp126,2091-2100,-1.08583628917779,1.35946263454136,8.97256551510654,-13.1406211064458,15.5545880909811,10,60,0.903732420789796,countries_admin
Sweden,ssp585,2041-2050,1.36853523356658,1.64390462032344,5.88508871307336,-6.83650577040545,10.7045672546245,10,60,0.0048624805116522,countries_admin
Sweden,ssp585,2091-2100,-2.26335842284762,1.02083885819682,16.3017214859506,-29.7407243243084,21.6385041325096,10,50,0.903732420789796,countries_admin
Syrian Arab Republic,ssp126,2041-2050,11.5178935868249,10.3502514212736,14.7378944832958,-16.4911256359688,41.5930635405316,10,90,0.000225760120384681,countries_admin
Syrian Arab Republic,ssp126,2091-2100,10.4230636018852,7.13014191450829,21.9901536339314,-23.7958054486341,44.6968039991795,10,70,0.0177252094517569,countries_admin
Syrian Arab Republic,ssp585,2041-2050,-0.412974627573846,2.22638843416054,12.7515697963751,-29.2949066117946,16.4855141335898,10,60,0.000225760120384681,countries_admin
Syrian Arab Republic,ssp585,2091-2100,1.08779747518658,-3.8798951839633,44.326119450626,-46.3769561536377,72.8151781721367,10,50,0.0177252094517569,countries_admin
Thailand,ssp126,2041-2050,-2.47815553479117,-1.09627037963432,4.67453774110954,-13.4209418904466,1.53271478979502,10,70,0.859393950575315,countries_admin
Thailand,ssp126,2091-2100,-4.68232128817049,-4.22242687761507,5.38261344524714,-15.7358447502387,2.38276700127261,10,80,4.2251527309168e-09,countries_admin
Thailand,ssp585,2041-2050,-2.33739276972989,-1.05666460745474,4.76205829966069,-15.0411351686522,1.92887735976666,10,80,0.859393950575315,countries_admin
Thailand,ssp585,2091-2100,-14.3534908908897,-11.8575862222864,11.3195951422042,-36.2747664659535,2.61633922335514,10,90,4.2251527309168e-09,countries_admin
Timor-Leste,ssp126,2041-2050,-5.04505989931205,-4.64325525177885,6.28780255682967,-15.373344541374,2.90152098405066,10,70,0.0338307478510132,countries_admin
Timor-Leste,ssp126,2091-2100,-5.77423679242539,-6.56973423531121,5.38368702865463,-12.6945340860329,1.41085201247649,10,90,6.74271362686974e-07,countries_admin
Timor-Leste,ssp585,2041-2050,-7.81844725883026,-8.5411646479318,5.85404476429235,-16.9044810538289,3.78400328388431,10,90,0.0338307478510132,countries_admin
Timor-Leste,ssp585,2091-2100,-13.3413719881002,-14.5371850245402,12.3818673310191,-27.3195837166884,5.67170812334339,10,80,6.74271362686974e-07,countries_admin
Togo,ssp126,2041-2050,-11.3768554900997,-11.4003849565347,5.53349338595522,-21.906241456007,-4.02695041266314,10,100,3.7360956259925e-05,countries_admin
Togo,ssp126,2091-2100,-1.03754859030047,-2.98370293087937,6.70168335171697,-9.60481721935461,9.80985546971767,10,60,1.53416442962579e-28,countries_admin
Togo,ssp585,2041-2050,-16.4894196845839,-17.3020418129719,7.73314864451287,-29.3220704178901,-5.56738659557441,10,100,3.7360956259925e-05,countries_admin
Togo,ssp585,2091-2100,-24.7265658200258,-25.228009368533,9.6081283309717,-37.4820782437799,-9.85701815919124,10,100,1.53416442962579e-28,countries_admin
Tonga,ssp126,2041-2050,3.22635745410308,4.57896479656015,14.6133209731485,-18.7555991577845,23.043845848975,10,50,0.00243725943241152,countries_admin
Tonga,ssp126,2091-2100,-2.7355521406327,1.87578173656225,12.8923838240392,-27.9740360892429,10.486554734384,10,50,2.31971611786985e-13,countries_admin
Tonga,ssp585,2041-2050,-5.30856155291485,1.37106675137082,15.707972245521,-31.4619172862423,11.2738363253819,10,50,0.00243725943241152,countries_admin
Tonga,ssp585,2091-2100,-25.9834519259165,-16.7080268608025,21.7322490918891,-58.2072547139175,-2.92845204061572,10,100,2.31971611786985e-13,countries_admin
Trinidad and Tobago,ssp126,2041-2050,-8.65783575032981,-8.42719653486404,9.90184138170138,-22.3845162599427,10.3001124097841,10,90,0.238424004571117,countries_admin
Trinidad and Tobago,ssp126,2091-2100,-7.29050255211066,-7.92458821041507,12.7510971436154,-23.4088977114157,23.551637538357,10,90,1.03137343480753e-06,countries_admin
Trinidad and Tobago,ssp585,2041-2050,-9.23225476460867,-13.3827620179409,12.8662878718867,-22.261818819829,22.9198341227343,10,90,0.238424004571117,countries_admin
Trinidad and Tobago,ssp585,2091-2100,-9.41314077627569,-15.6138301505143,39.5651165083186,-38.6110627473249,98.6868028799019,10,90,1.03137343480753e-06,countries_admin
Tunisia,ssp126,2041-2050,0.874712164204769,1.43215387652903,12.2869947321476,-15.6508500991506,25.3399393760578,10,50,0.0176083583727112,countries_admin
Tunisia,ssp126,2091-2100,-0.294122098072296,-0.504114240029935,11.5998565744015,-14.0759229831471,24.0515640245597,10,50,1.46796032725727e-13,countries_admin
Tunisia,ssp585,2041-2050,-3.95876409437622,-3.8474912913257,12.393244056301,-20.6760990269618,16.5121546445408,10,60,0.0176083583727112,countries_admin
Tunisia,ssp585,2091-2100,-22.48699584033,-27.053433743481,17.2557762947035,-43.8381140841343,17.5340422801282,10,90,1.46796032725727e-13,countries_admin
Turkmenistan,ssp126,2041-2050,-0.163419415954288,-1.42596470153341,3.0702359709541,-2.20810697574233,4.406358714992,4,75,3.45965903096645e-05,countries_admin
Turkmenistan,ssp126,2091-2100,-2.39021837389126,-2.33116295466475,5.02981492444876,-8.40189225332646,3.50334466709094,4,75,5.06012579444186e-21,countries_admin
Turkmenistan,ssp585,2041-2050,-4.86779695560976,-3.79823852089456,3.29126928131867,-9.62137163190603,-2.25333914874389,4,100,3.45965903096645e-05,countries_admin
Turkmenistan,ssp585,2091-2100,-26.4022131338852,-23.0752815114927,10.5789576913268,-41.7783634286526,-17.6799260839028,4,100,5.06012579444186e-21,countries_admin
Tuvalu,ssp126,2041-2050,-14.9636221584873,-15.0664736121982,6.73480477576526,-25.1200758818029,-0.913396559795041,10,100,0.874773120048224,countries_admin
Tuvalu,ssp126,2091-2100,-12.1026398576352,-11.6966185891736,6.34896066878335,-21.6497050672464,-0.936896283298329,10,100,3.04371976740021e-22,countries_admin
Tuvalu,ssp585,2041-2050,-15.0448350882662,-16.7420665260453,6.51537009285024,-23.6796524415445,-1.04611400644676,10,100,0.874773120048224,countries_admin
Tuvalu,ssp585,2091-2100,-46.4982404048946,-54.4114039876238,21.2564155860773,-67.3837691490568,-2.4277715528247,10,100,3.04371976740021e-22,countries_admin
T眉rkiye,ssp126,2041-2050,-4.83456030027104,-3.84469287796057,4.6213188263349,-13.6048855734963,0.800473658368072,10,90,0.516519536597657,countries_admin
T眉rkiye,ssp126,2091-2100,78.4835641021216,-6.6194817577741,261.584085337856,-19.6017506134572,821.894953600701,10,60,0.000456536355706615,countries_admin
T眉rkiye,ssp585,2041-2050,-3.91690087170539,-4.53703325745763,5.88518273783057,-13.1586668140838,7.70813116139538,10,80,0.516519536597657,countries_admin
T眉rkiye,ssp585,2091-2100,47.39766186893,-13.0254140679089,154.071337019411,-37.7638773169005,447.330426027114,10,80,0.000456536355706615,countries_admin
United Arab Emirates,ssp126,2041-2050,-18.6895097035119,-12.4701349891209,23.9669228642944,-86.3017613893111,-6.35663035062717,10,100,0.000182525127950172,countries_admin
United Arab Emirates,ssp126,2091-2100,-19.9265209456905,-12.1376839489845,23.5561153572774,-86.3873687565248,-7.68523365737641,10,100,2.12579264201707e-21,countries_admin
United Arab Emirates,ssp585,2041-2050,-22.2117839182483,-15.2165308222296,23.0199791522231,-86.8670027208076,-8.24044367847576,10,100,0.000182525127950172,countries_admin
United Arab Emirates,ssp585,2091-2100,-38.6739348022445,-30.9679224339908,19.1543189824304,-86.6701927812048,-24.9367782420962,10,100,2.12579264201707e-21,countries_admin
United Kingdom of Great Britain and Northern Ireland,ssp126,2041-2050,-4.74569042211686,-4.88802775043464,1.64200194180269,-6.52285166681994,-1.14565913222717,10,100,0.0123057919185669,countries_admin
United Kingdom of Great Britain and Northern Ireland,ssp126,2091-2100,-1.84503326074515,-1.49332583468746,2.9399187820531,-6.48454202674553,3.31089355835617,10,80,8.74400339415507e-32,countries_admin
United Kingdom of Great Britain and Northern Ireland,ssp585,2041-2050,-5.98204240021216,-6.05482889476722,3.2333843735178,-11.2419809175068,0.175135234434948,10,90,0.0123057919185669,countries_admin
United Kingdom of Great Britain and Northern Ireland,ssp585,2091-2100,-20.8387800998697,-20.1458301585617,8.13474874297554,-31.1279627162059,-7.80400937946194,10,100,8.74400339415507e-32,countries_admin
United Republic of Tanzania,ssp126,2041-2050,-3.47519549173286,-0.559800817211872,11.070477360205,-30.1048915335116,9.20580052021488,10,50,0.72220524537895,countries_admin
United Republic of Tanzania,ssp126,2091-2100,0.748159956114131,0.445269299813088,8.68559028791019,-10.5854652268714,14.2548165815571,10,50,1.90187093760465e-16,countries_admin
United Republic of Tanzania,ssp585,2041-2050,-4.32782607103789,-1.09757091357573,11.7046241003695,-36.421007023999,5.2556265890683,10,70,0.72220524537895,countries_admin
United Republic of Tanzania,ssp585,2091-2100,-17.7375475645262,-13.9105389568319,16.261715605238,-57.1926029513409,-0.920349909582396,10,100,1.90187093760465e-16,countries_admin
United States of America,ssp126,2041-2050,-8.39976510111427,-8.23399497362613,4.14244672947867,-18.8404734487182,-3.64896312126158,10,100,0.00128564547600698,countries_admin
United States of America,ssp126,2091-2100,-9.60051020173092,-9.20013324603667,3.43582945864669,-16.3302901739708,-4.98697130662038,10,100,2.27825115495554e-26,countries_admin
United States of America,ssp585,2041-2050,-11.0945267375612,-10.22565669082,6.52775009804696,-26.6243248787072,-3.00734162239955,10,100,0.00128564547600698,countries_admin
United States of America,ssp585,2091-2100,-28.873349549759,-29.6732791278741,12.9077577581576,-56.3835287623226,-9.25572756781434,10,100,2.27825115495554e-26,countries_admin
Uruguay,ssp126,2041-2050,-5.51555734693553,-4.89459368366167,4.61022976244255,-15.267326865838,1.48324498480735,10,90,9.68195910460974e-05,countries_admin
Uruguay,ssp126,2091-2100,-9.04994526116528,-8.55159391829173,8.12473227138676,-25.78559431023,0.513449338630816,10,80,1.36980743022691e-18,countries_admin
Uruguay,ssp585,2041-2050,-9.04682826037409,-9.01720112889934,7.92690179916123,-21.9691644105356,5.72061355787211,10,90,9.68195910460974e-05,countries_admin
Uruguay,ssp585,2091-2100,-34.0320782009049,-37.2184015536941,18.9084027211574,-57.54602330187,-2.42570785189248,10,100,1.36980743022691e-18,countries_admin
Vanuatu,ssp126,2041-2050,-4.88415682691067,-4.46077776466881,7.52201946271903,-13.849645156643,11.0859238518815,10,90,0.450978049113516,countries_admin
Vanuatu,ssp126,2091-2100,-6.30890808129124,-1.26518724517088,13.08323260773,-25.0690853141695,11.353603399518,10,60,0.000170489011382573,countries_admin
Vanuatu,ssp585,2041-2050,-8.21658643291564,-1.23181662516564,16.5288214067721,-33.9488982948559,15.7972649435858,10,60,0.450978049113516,countries_admin
Vanuatu,ssp585,2091-2100,-22.1197977996006,-7.82111489058137,28.6741563491951,-62.7523621322861,17.266809632695,10,80,0.000170489011382573,countries_admin
Venezuela (Bolivarian Republic of),ssp126,2041-2050,-7.27309653415732,-4.01077677239385,12.7868819312636,-27.5279964863391,7.04938883073293,10,60,0.304210958446752,countries_admin
Venezuela (Bolivarian Republic of),ssp126,2091-2100,-5.86955505419184,-2.85081243619257,11.3801944170867,-21.0059867669723,7.84124594174488,10,60,0.0185623612783149,countries_admin
Venezuela (Bolivarian Republic of),ssp585,2041-2050,-8.78941504370731,-7.17346860093032,7.69485805375217,-20.0306382754023,2.0617181582408,10,90,0.304210958446752,countries_admin
Venezuela (Bolivarian Republic of),ssp585,2091-2100,-13.0206869461792,-2.77783470099167,19.5560868862623,-40.1506507094889,8.36185025486678,10,70,0.0185623612783149,countries_admin
Viet Nam,ssp126,2041-2050,-10.1307452139076,-10.2685957951234,4.13936786373039,-16.4451018887332,-5.05200087582516,10,100,0.0590906990130654,countries_admin
Viet Nam,ssp126,2091-2100,-8.40504245181991,-6.87202218744092,5.01458080448202,-16.5509482377842,-1.65461395446859,10,100,1.96712865161963e-20,countries_admin
Viet Nam,ssp585,2041-2050,-11.5914020296985,-11.8065453823932,4.17398558556383,-17.1301815647891,-4.43041973047469,10,100,0.0590906990130654,countries_admin
Viet Nam,ssp585,2091-2100,-22.7063607144721,-23.9419208535061,9.04401556897094,-33.8356471522011,-1.98582839532987,10,100,1.96712865161963e-20,countries_admin
Yemen,ssp126,2041-2050,-6.98294795271308,-5.75260843156443,7.18666311801088,-23.1498258735091,1.26543715009537,10,90,0.00288518801020814,countries_admin
Yemen,ssp126,2091-2100,-5.98424733346296,-6.39657602412772,7.44388807870504,-21.0641939123868,3.47862818005464,10,70,6.65506939096943e-23,countries_admin
Yemen,ssp585,2041-2050,-9.51051828905454,-9.79555613773009,4.45000764608906,-18.5383832220537,-1.04494083462901,10,100,0.00288518801020814,countries_admin
Yemen,ssp585,2091-2100,-26.7605112458583,-28.5411868463707,10.8229101046527,-43.0433049842969,-3.76242524347338,10,100,6.65506939096943e-23,countries_admin
