ISO3CD,country,reference,mean00_ssp126,mean50_ssp126,mean00_ssp585,mean50_ssp585,rel_change_mean50_ssp126,rel_change_mean50_ssp585,rel_change_mean00_ssp126,rel_change_mean00_ssp585
ABW,Aruba,0.1018119,0.10005,0.10727,0.11288000000000001,0.1115,5.360964680945949,9.515685298084021,-1.730544268400842,10.87112606679574
AFG,Afghanistan,29.1409657,62.18172,58.3892,51.07983,55.2136,100.36810242016105,89.47072848721689,113.38249610581713,75.28530291636835
AGO,Angola,23.0341171,40.88275,42.62871,40.48755,42.56314,85.06769682090398,84.78303212238161,77.48781002767413,75.77209416895775
AIA,Anguilla,0.013317599999999999,0.0139126,0.0165188,0.0139126,0.0165188,24.037364089625772,24.037364089625772,4.467771970925706,4.467771970925706
ALA,Åland Islands,0.027504099999999993,0.02787099999999999,0.02787099999999999,0.02787099999999999,0.02787099999999999,1.3339829334535451,1.3339829334535451,1.3339829334535451,1.3339829334535451
ALB,Albania,2.9750367,0.9061,2.3049,0.49616,1.8813799999999998,-22.52532548590073,-36.76111625782634,-69.5432328616316,-83.32255867633498
AND,Andorra,0.0821481,0.0627057,0.0770679,0.0627057,0.0770679,-6.184196591278443,-6.184196591278443,-23.667498091860917,-23.667498091860917
ARE,United Arab Emirates,7.6114558,15.50366,14.0044,23.72284,17.27774,83.99108354541059,126.99652279397067,103.68849806629635,211.67283399320274
ARG,Argentina,40.723502599999996,51.4359,51.85951,52.153670000000005,52.12107,27.345406679237865,27.987689349687734,26.30519654760738,28.067741402970604
ARM,Armenia,2.9115972,1.49627,2.48701,1.25378,2.17119,-14.582621524708154,-25.429588955505245,-48.609993168011016,-56.93841167315314
ASM,American Samoa,0.0570214,0.0385767,0.0538859,0.0385767,0.0538859,-5.498812726450068,-5.498812726450068,-32.34697850280772,-32.34697850280772
ATA,Antarctica,0.001,0.001,0.001,0.001,0.001,0,0,0,0
ATF,French Southern Territories,1.47899999999999e-4,1.5e-4,1.5e-4,1.5e-4,1.5e-4,1.4198782961467304,1.4198782961467304,1.4198782961467304,1.4198782961467304
ATG,Antigua and Barbuda,0.0872102,0.083,0.10813,0.07142,0.09963,23.987790419010622,14.241224077000162,-4.827646307427339,-18.10590962983688
AUS,Australia,21.9152305,35.42863,30.11887,45.53098,33.57312,37.43350771510253,53.19537706892932,61.662137206359745,107.75953052376065
AUT,Austria,8.4103987,8.67428,9.01039,10.95895,9.78095,7.133922200382714,16.29591353380192,3.137559935178811,30.302383881040022
AZE,Azerbaijan,8.9973761,8.05188,10.435179999999999,7.40506,10.16934,15.980257844284166,13.02561865786626,-10.508575939156302,-17.697560736624098
BDI,Burundi,8.5623305,10.46256,13.6659,8.4178,12.82491,59.60491130306171,49.78293584906585,22.19290063610602,-1.6879808598838846
BEL,Belgium,10.8915826,11.75505,11.9888,14.228,12.74189,10.073994205396742,16.98841635741715,7.927841450699747,30.632989920124192
BEN,Benin,9.0976304,14.820879999999999,15.5934,14.445,15.49492,71.40067593864883,70.31819626350176,62.909234035271425,58.77760872765286
BES,Bonaire; Sint Eustatius and Saba,0.019755099999999998,0.0322706,0.0294316,0.0322706,0.0294316,48.98228811800498,48.98228811800498,63.35326067698978,63.35326067698978
BFA,Burkina Faso,15.4251158,26.74039,27.24203,23.24898,26.10613,76.60826896353024,69.24430479802297,73.35617020132841,50.721591341311026
BGD,Bangladesh,146.7979097,151.65502,192.20224000000002,129.30895,184.22587,30.929820726187103,25.496248806600004,3.3087053554959556,-11.91362992548114
BGR,Bulgaria,7.4565662,2.87969,5.313549999999999,1.97422,4.86511,-28.739987583024483,-34.7540158632267,-61.38048100478206,-73.52373804446341
BHR,Bahrain,1.1653285,2.18366,2.01077,2.8138,2.2822500000000003,72.54962870984447,95.84606400684446,87.38578864243003,141.45981154670122
BHS,Bahamas,0.3502434,0.50551,0.4798,0.6154,0.5178499999999999,36.99044721470841,47.85432073809241,44.33105663090298,75.7063801916039
BIH,Bosnia and Herzegovina,3.6780078,0.66868,2.3414,0.34034,1.87861,-36.340537396358975,-48.92316432825401,-81.81950565738332,-90.74662103761716
BLM,Saint Barthélemy,0.009148,0.010280000000000001,0.0107077,0.010280000000000001,0.0107077,17.0496283340621,17.0496283340621,12.374289462177538,12.374289462177538
BLR,Belarus,9.455367599999999,7.2148699999999995,8.62887,7.96687,8.817219999999999,-8.741041437669752,-6.749051195005892,-23.6955102623403,-15.742355696461752
BLZ,Belize,0.3185419,0.43031,0.46618000000000004,0.39335,0.45505,46.34809423815205,42.85404839991223,35.08740922308809,23.48454002440495
BMU,Bermuda,0.0653861,0.0381702,0.0552436,0.0381702,0.0552436,-15.511706616543892,-15.511706616543892,-41.623372551658534,-41.623372551658534
BOL,Bolivia (Plurinational State of),9.9680552,10.90542,13.259,9.59298,12.79954,33.0149134808162,28.405589086224165,9.403687892900104,-3.762772100218702
BRA,Brazil,194.6656891,174.97053,225.38366,175.20949000000002,225.41977,15.77985881436976,15.798408565056157,-10.11742705715468,-9.994673016057451
BRB,Barbados,0.2811484,0.17103,0.24936,0.15666,0.23251,-11.30662667829517,-17.29990282711907,-39.16735787932637,-44.27853759793761
BRN,Brunei Darussalam,0.3869171,0.53046,0.53885,0.57045,0.55951,39.26755886467671,44.607203972117006,37.0991357063309,47.43468303675387
BTN,Bhutan,0.683063,0.8098,0.94817,0.792,0.94673,38.81150054972967,38.60068544189921,18.554218278548245,15.948309306755023
BVT,Bouvet Island,1e-6,1e-6,1e-6,1e-6,1e-6,0,0,0,0
BWA,Botswana,1.957281,2.6313500000000003,2.95815,2.78807,3.01513,51.1356826127674,54.04686399142484,34.43905090786659,42.44607698128167
CAF,Central African Republic,4.3119381,3.6851,5.39616,2.89134,5.02006,25.144653630347808,16.422357732825528,-14.5372703750084,-32.94569789858532
CAN,Canada,33.9285459,46.15844,41.89999,60.61144,46.54293,23.494800288508678,37.17926532183035,36.046030784950304,78.64437862631772
CCK,Cocos (Keeling) Islands,6.03e-4,6e-4,6e-4,6e-4,6e-4,-0.49751243781095733,-0.49751243781095733,-0.49751243781095733,-0.49751243781095733
CHE,Switzerland,7.775703999999999,9.57988,9.46771,12.27915,10.44008,21.760164738781224,34.26539899152541,23.20273508353713,57.91689086930265
CHL,Chile,16.9688814,16.36346,19.52114,16.24212,19.47407,15.040818188522422,14.763428071340048,-3.5678332927708536,-4.282906945180257
CHN,China,1365.0769751,843.09627,1337.88293,829.00984,1332.63933,-1.9921253962992023,-2.3762502548710707,-38.23818836749201,-39.270103069515905
CIV,Côte d’Ivoire,20.3789354,29.636290000000002,31.36974,31.73514,32.32031,53.93218234550172,58.59665564276728,45.426095221833826,55.72521025803929
CMR,Cameroon,20.1222012,29.33681,32.276289999999996,28.56784,32.05399,60.40138789587293,59.29663798411876,45.79324452833719,41.97174412509106
COD,Democratic Republic of the Congo,63.8143396,131.35641,125.59326999999999,129.6429,125.40947,96.8104203338022,96.52239729516845,105.84152531134244,103.15637647059503
COG,Congo,4.1939427,7.16901,7.43867,7.13687,7.46597,77.36699168541334,78.01793047864007,70.93724241869113,70.17089909215974
COK,Cook Islands,0.0184688,0.014189499999999999,0.0172296,0.014189499999999999,0.0172296,-6.7096941869531275,-6.7096941869531275,-23.17042796500044,-23.17042796500044
COL,Colombia,44.9015535,41.85036,53.71915,37.85792,52.3497,19.637620110404423,16.58772563403625,-6.795296069210605,-15.686836982154745
COM,Comoros,0.6831194,0.98388,1.1065,0.8718,1.06887,61.97754009035609,56.46898624164384,44.02753017993632,27.620442341412055
CPV,Cabo Verde,0.4901544,0.39116,0.59239,0.25599,0.51617,20.85783581663247,5.307633676245695,-20.196574793575245,-47.7735995025241
CRI,Costa Rica,4.545537400000001,4.99787,5.65207,5.58485,5.83844,24.343273470811162,28.443338734821534,9.9511358106964245,22.864460426615334
CUB,Cuba,11.2546877,4.92062,9.8911,3.21042,9.06382,-12.115731118865254,-19.46626826437841,-56.27937326061922,-71.47481933239249
CUW,Curaçao,0.1457426,0.12286,0.1463,0.15039,0.15042,0.3824550954902777,3.209356770086439,-15.700694237649119,3.1887725345918048
CXR,Christmas Island,0.0018526,0.001843,0.001843,0.001843,0.001843,-0.5181906509770062,-0.5181906509770062,-0.5181906509770062,-0.5181906509770062
CYM,Cayman Islands,0.0555719,0.1008593,0.08270290000000001,0.1008593,0.08270290000000001,48.82143673331308,48.82143673331308,81.4933446580016,81.4933446580016
CYP,Cyprus,1.0985193,1.3798899999999998,1.36086,1.65851,1.4584,23.881300947557314,32.760525918843655,25.613632823747373,50.97686494902729
CZE,Czechia,10.4689692,7.54429,9.80627,8.313880000000001,10.01838,-6.330128471483137,-4.304045521501769,-27.93664919751603,-20.585495657012718
DEU,Germany,81.1598524,71.60924,78.80461,89.91943,84.50199,-2.9019796492385055,4.1179690464789465,-11.767656196476775,10.792993507218354
DJI,Djibouti,0.8371443,1.19655,1.25244,1.4880799999999998,1.3692,49.60861586228325,63.556032096258676,42.93234750568093,77.7566902145783
DMA,Dominica,0.0708625,0.0531377,0.0716567,0.0531377,0.0716567,1.1207620391603583,1.1207620391603583,-25.012947609807718,-25.012947609807718
DNK,Denmark,5.5411123,5.93617,5.99041,6.93382,6.288279999999999,8.108438805688884,13.484074307607868,7.129573966584285,25.13408183407508
DOM,Dominican Republic,9.6342274,11.26694,12.79314,9.14225,12.06715,32.78843719217172,25.252908188569428,16.947000856550257,-5.106557895861993
DZA,Algeria,35.81088,47.50105,51.1976,42.90912,49.79397,42.96660679659367,39.04704380344746,32.64418523085722,19.8214620807978
ECU,Ecuador,14.8880327,20.57069,20.83536,19.69743,20.60305,39.947032760077164,38.38665198525524,38.169296202580206,32.303779800268714
EGY,Egypt,82.3942295,143.29888,132.71827,135.77934,130.6307,61.07714193747027,58.543505768204305,73.9185873447606,64.79229288745275
ERI,Eritrea,3.1151511,5.63861,6.58769,4.77945,6.28352,111.47256709313396,101.70835372961524,81.00598715741269,53.42594457135643
ESH,Western Sahara,0.4778295,1.13501,0.87282,1.68012,1.05252,82.66348143009171,120.27103810041027,137.53451806554432,251.61495889224085
ESP,Spain,46.161592,41.73038,46.89875,52.69412,50.13375,1.5969076629766168,8.604898201951094,-9.59934830670485,14.151435678388214
EST,Estonia,1.3343833,1.00555,1.20379,1.1195,1.23511,-9.786790647035236,-7.43963897030187,-24.643091681378213,-16.103566344093192
ETH,Ethiopia,86.7646946,93.24498,130.35158,94.57055,130.81067,50.2357388577727,50.76485960454241,7.468804483062169,8.99658027494515
FIN,Finland,5.3566865,4.91849,5.44194,5.19463,5.52335,1.591534244163802,3.1113170427278023,-8.180364858014373,-3.0253123829442
FJI,Fiji,0.8505033,0.56611,0.8972,0.30912,0.75294,5.490478402611728,-11.471242968722157,-33.43823592454021,-63.65446201090577
FLK,Falkland Islands (Malvinas),0.0028839,0.0027605,0.003283499999999999,0.0027605,0.003283499999999999,13.85623634661393,13.85623634661393,-4.27892784077118,-4.27892784077118
FRA,France,62.700343000000004,69.93317,70.05821,79.8421,73.30746,11.734970891626539,16.917159448394088,11.53554614525793,27.33917580004307
FRO,Faroe Islands,0.0478312,0.0553508,0.053144899999999995,0.0553508,0.053144899999999995,11.109275953770755,11.109275953770755,15.721119269430837,15.721119269430837
FSM,Micronesia (Federated States of),0.10467069999999999,0.050609999999999995,0.10436,0.024990000000000002,0.07922,-0.2968356951849917,-24.315018434003015,-51.64836004727207,-76.12512384076919
GAB,Gabon,1.6140045,2.62079,2.71049,2.85745,2.8238700000000003,67.93571517303701,74.96047873472473,62.37810985037525,77.04101816320834
GBR,United Kingdom of Great Britain and Northern Ireland,63.153611,68.94558,70.68686000000001,77.84607,73.63248,11.928453307285963,16.592667994867313,9.171239630303972,23.2646380267947
GEO,Georgia,4.1157094,1.36844,2.80933,1.11893,2.34089,-31.74129349365628,-43.12304945533813,-66.75081092945969,-72.81319230167223
GGY,Guernsey,0.06200169999999999,0.06243099999999999,0.06243099999999999,0.06243099999999999,0.06243099999999999,0.6924003696672842,0.6924003696672842,0.6924003696672842,0.6924003696672842
GHA,Ghana,24.4888328,38.33373,38.71286,36.91309,38.28271,58.08372867815896,56.327213765778176,56.53555362589597,50.73437881449374
GIB,Gibraltar,0.0335564,0.027961899999999998,0.034052,0.027961899999999998,0.034052,1.4769164749496335,1.4769164749496335,-16.67193143483807,-16.67193143483807
GIN,Guinea,10.094688099999999,14.09146,16.44635,12.45049,15.857750000000001,62.920833581772584,57.09004421840436,39.5928220902635,23.337044955356287
GLP,Guadeloupe,0.40368210000000004,0.33210999999999996,0.42457,0.26536,0.38652,5.1743438710807235,-4.2513898931857685,-17.7298175965692,-34.265106131780435
GMB,Gambia,1.7738706,2.79179,2.92522,2.67427,2.89931,64.90605346297525,63.44540576973314,57.38408427311441,50.75902379801548
GNB,Guinea-Bissau,1.5096186,1.5787900000000001,2.2433199999999998,1.16538,2.05369,48.601772659663816,36.0403217077479,4.582044762829505,-22.803017927839516
GNQ,Equatorial Guinea,0.9278512,1.70784,1.72989,1.98457,1.85841,86.44045510745688,100.29181403224999,84.06399646839925,113.88882182832765
GRC,Greece,10.9469776,9.13968,10.80807,10.915230000000001,11.365169999999999,-1.2689128001869627,3.820163110592268,-16.509557852753804,-0.29001246882974535
GRD,Grenada,0.106356,0.03485,0.0871,0.020059999999999998,0.0643,-18.105231486705037,-39.54266802061003,-67.23269021023732,-81.13881680394148
GRL,Greenland,0.056687499999999995,0.0417523,0.0543699,0.0417523,0.0543699,-4.0883792723263435,-4.0883792723263435,-26.346549062844538,-26.346549062844538
GTM,Guatemala,14.4885092,16.96329,20.80967,13.48282,19.5304,43.628786873393445,34.79923800579842,17.08098994753719,-6.941288341798472
GUF,French Guiana,0.229746,0.5343,0.42826000000000003,0.66821,0.47432,86.40585690284054,106.45408407545725,132.56117625551695,190.84728352180232
GUM,Guam,0.15947129999999998,0.15072,0.17778000000000002,0.1842,0.17992,11.480874615056152,12.822808869056699,-5.487695905156596,15.506677377057828
GUY,Guyana,0.7513000000000001,0.2052,0.5882999999999999,0.08748,0.40093,-21.695727405829913,-46.63516571276455,-72.68734194063623,-88.35618261679755
HKG,China; Hong Kong Special Administrative Region,6.9461398999999995,8.37119,8.157910000000001,10.6124,9.08709,17.445230263790133,30.822156346145587,20.515712619033213,52.78125912782148
HMD,Heard Island and McDonald Islands,1e-6,1e-6,1e-6,1e-6,1e-6,0,0,0,0
HND,Honduras,8.2226464,9.19023,11.25417,8.312,10.9514,36.86797963244533,33.185831753631035,11.767301583101023,1.0866769121921507
HRV,Croatia,4.3274416,2.78783,3.65178,2.82131,3.59213,-15.613419254462041,-16.991831848175607,-35.577871229966455,-34.804203943503246
HTI,Haiti,9.8730264,7.59654,11.84542,6.1419500000000005,11.20163,19.97759876343489,13.456903143700691,-23.057635093531204,-37.7906049152264
HUN,Hungary,9.9443409,6.03449,8.42383,6.74129,8.60483,-15.290212949155832,-13.470082265582835,-39.317345808207364,-32.20978576870791
IDN,Indonesia,240.4407596,256.36424999999997,301.89049,249.17185,299.65435,25.557118727385685,24.627101702102596,6.622625226475937,3.631285483594854
IMN,Isle of Man,0.0833628,0.095671,0.0905745,0.095671,0.0905745,8.650981013113764,8.650981013113764,14.764619230640053,14.764619230640053
IND,India,1224.1493897,1368.03954,1562.75404,1358.0735100000002,1559.8086600000001,27.660402655837718,27.41979640101438,11.754296616956436,10.940177843230446
IOT,British Indian Ocean Territory,0.003,0.003,0.003,0.003,0.003,0,0,0,0
IRL,Ireland,4.4602851,4.84892,5.24414,5.01998,5.30531,17.574098570515137,18.94553556677353,8.713230013032117,12.548410862794404
IRN,Iran (Islamic Republic of),73.4584109,79.94551,95.09851,81.90072,95.7882,29.45898071421526,30.397865712610994,8.830982076145068,11.492637802215242
IRQ,Iraq,29.9566845,60.9355,55.53065,57.05335,54.52487,85.36981287098044,82.01236522018984,103.41202979254929,90.45281863552023
ISL,Iceland,0.3152037,0.35409,0.37276000000000004,0.3603,0.37529,18.26003311509353,19.062688667677456,12.336879294246877,14.307033832407438
ISR,Israel,7.2305665,16.58821,12.10957,18.233,12.95773,67.47747220082962,79.20767342365221,129.4178471354907,152.16558066370044
ITA,Italy,59.2969649,43.5827,55.06309,50.63703,57.0526,-7.140120758524686,-3.7849574658415626,-26.50095991675283,-14.604347650177955
JAM,Jamaica,2.8052722,1.28142,2.63415,0.5840299999999999,2.12965,-6.100021238580702,-24.08401580424175,-54.32101027486744,-79.18098642976608
JEY,Jersey,0.09557,0.0971,0.0971,0.0971,0.0971,1.6009207910432182,1.6009207910432182,1.6009207910432182,1.6009207910432182
JOR,Jordan,7.1914383,17.56479,14.8143,20.20562,15.965489999999999,105.99912537663015,122.00691063427465,144.2458555196114,180.9677168474073
JPN,Japan,128.428445,72.64969,109.2616,77.37362,110.5341,-14.92414316781614,-13.933319055603308,-43.43177634830041,-39.753517999848086
KAZ,Kazakhstan,16.2384521,14.90545,18.86505,12.08,17.3383,16.17517411034516,6.7731080107075,-8.208923435504053,-25.608673008925525
KEN,Kenya,41.5446124,74.42123,73.77952,74.07745,73.78341,77.59106593566392,77.60042936397694,79.13569462017655,78.30819863419885
KGZ,Kyrgyzstan,5.4111421,6.57088,7.43206,5.36154,6.99347,37.34734484241321,29.242031917808998,21.43240518484997,-0.9166660029127756
KHM,Cambodia,14.234336899999999,18.046979999999998,20.0629,17.32945,19.84413,40.947204923890766,39.41028752804074,26.784831121989246,21.743992163063126
KIR,Kiribati,0.1014177,0.11158,0.14276,0.07995000000000001,0.12925,40.76438333742532,27.443237225849142,10.02024301477947,-21.16760683785966
KNA,Saint Kitts and Nevis,0.048816899999999996,0.044559299999999996,0.0565029,0.044559299999999996,0.0565029,15.744547482531676,15.744547482531676,-8.721569784234559,-8.721569784234559
KOR,Republic of Korea,49.5492293,30.804560000000002,48.96166,31.79559,49.146820000000005,-1.1858293424555817,-0.8121403817677444,-37.830395275189474,-35.830303620888
KWT,Kuwait,2.9351045,5.48364,5.4471,6.87497,6.05412,85.58453370229236,106.26590978276924,86.82946382317904,134.2325460643735
LAO,Lao People's Democratic Republic,6.1960275000000005,5.76076,7.95337,4.622389999999999,7.48965,28.362406396679145,20.878256269843856,-7.024944611688701,-25.397522848308874
LBN,Lebanon,5.1670407,7.87434,7.73574,9.256499999999999,8.35226,49.71316173298189,61.64494311027971,52.39554819066936,79.14509556698476
LBR,Liberia,3.8023538,6.01336,6.53566,5.529170000000001,6.40626,71.88458370181122,68.48142852987534,58.14835536871923,45.41440094291069
LBY,Libya,6.1266247,7.29556,7.82824,6.60534,7.62357,27.77410700544462,24.43344212025914,19.079596959807255,7.813687363614752
LCA,Saint Lucia,0.172076,0.0865,0.1606,0.057640000000000004,0.13913,-6.669146191217842,-19.146191217833984,-49.73151398219392,-66.50317301657408
LIE,Liechtenstein,0.0359171,0.0446272,0.0403073,0.0446272,0.0403073,12.223147191727609,12.223147191727609,24.250565886444058,24.250565886444058
LKA,Sri Lanka,20.1834899,16.20129,21.57273,12.06567,19.94889,6.883051974079063,-1.1623356573235768,-19.729986834437394,-40.22010039007179
LSO,Lesotho,2.0036571,1.51551,2.35778,1.16507,2.18094,17.673827522683403,8.84796605167622,-24.36280639037488,-41.8528250168155
LTU,Lithuania,3.1519933,1.58615,2.35755,1.40213,2.21671,-25.204472991741454,-29.67275660135445,-49.677875267057196,-55.51608564650184
LUX,Luxembourg,0.5035438,0.89954,0.74137,1.22099,0.8608,47.23048918485343,70.94838621784243,78.64185796746976,142.47940298341476
LVA,Latvia,2.1338829,1.3913,1.6751,1.52196,1.68075,-21.499909859158628,-21.23513431782035,-34.7996087320443,-28.676498602617794
MAC,China; Macao Special Administrative Region,0.5343467,0.87382,0.8019999999999999,1.22222,0.9649,50.08981996145948,80.57564498854397,63.53053176898072,128.7316455776746
MAF,Saint Martin (French Part),0.0364411,0.0598031,0.0493648,0.0598031,0.0493648,35.46462647944218,35.46462647944218,64.10893194771839,64.10893194771839
MAR,Morocco,32.2165021,31.849359999999997,40.29452,24.81948,37.67236,25.074161915299918,16.93497910811366,-1.1396088217783344,-22.960351428096224
MCO,Monaco,0.035495,0.062425699999999994,0.0450673,0.062425699999999994,0.0450673,26.96802366530497,26.96802366530497,75.87181293139878,75.87181293139878
MDA,Republic of Moldova,4.1035143000000005,2.3878500000000003,3.59833,2.33135,3.51738,-12.311015950401357,-14.283715302271524,-41.8096337570945,-43.18650235969692
MDG,Madagascar,20.9009505,32.33977,34.11406,32.0589,34.03496,63.21774457099452,62.83929288287629,54.72870480220505,53.38489031874411
MDV,Maldives,0.3673168,0.52601,0.54352,0.57638,0.56419,47.97036236839698,53.597657390024075,43.20336015123729,56.91631855662469
MEX,Mexico,113.2259895,124.79839,149.47242,102.16787,141.78929,32.01246521232654,25.22680581210553,10.220622094894566,-9.766414538598493
MHL,Marshall Islands,0.056320199999999994,0.0664554,0.0736672,0.0664554,0.0736672,30.800671872614103,30.800671872614103,17.995674731268718,17.995674731268718
MKD,North Macedonia,2.06965,1.07253,1.7924600000000002,0.81356,1.6304,-13.393085787451986,-21.22339526006813,-48.178194380692396,-60.690938081318116
MLI,Mali,14.8252851,24.38734,26.40678,20.79469,25.15581,78.11987979914127,69.6817958664417,64.49828678168218,40.265025999398816
MLT,Malta,0.4150015,0.32336,0.40771,0.33203,0.40856,-1.7569816012713222,-1.552163064470862,-22.082209341412028,-19.993060266047237
MMR,Myanmar,50.5190889,37.31929,54.19493,31.50613,51.86201,7.276142899718842,2.658244891665095,-26.12833918309243,-37.635197534213646
MNE,Montenegro,0.6226523,0.47832,0.60341,0.46018000000000003,0.59049,-3.0903764428397746,-5.165370785589339,-23.180240400621667,-26.093583850890777
MNG,Mongolia,2.7121646,3.42941,3.7148499999999998,3.03063,3.59351,36.96993169219891,32.49601443806177,26.445496707685066,11.742111817254749
MNP,Northern Mariana Islands,0.054883999999999995,0.0547181,0.0625188,0.0547181,0.0625188,13.91079367393048,13.91079367393048,-0.3022738867429426,-0.3022738867429426
MOZ,Mozambique,23.2847352,34.21261,38.7907,32.49116,38.184059999999995,66.59283288735875,63.987520888792396,46.93149699207229,39.538456078298026
MRT,Mauritania,3.4576055,5.37714,5.766850000000001,5.2740599999999995,5.7410499999999995,66.78739086920126,66.04120973315202,55.51629588742845,52.535041953166704
MSR,Montserrat,0.0049066999999999965,0.0029568,0.0043013999999999995,0.0029568,0.0043013999999999995,-12.336193368251521,-12.336193368251521,-39.73953981290884,-39.73953981290884
MTQ,Martinique,0.3927955,0.21328,0.32783,0.15512,0.28337,-16.539267888761454,-27.85813483097439,-45.70202560874552,-60.508712548896305
MUS,Mauritius,1.2432572,0.71323,1.14368,0.50576,1.04476,-8.00938052078041,-15.965899895854216,-42.632144016539776,-59.3197610277262
MWI,Malawi,14.3824085,31.6644,29.02779,29.65924,28.57849,101.8284350635709,98.70447985120154,120.16062191530716,106.21886800114181
MYS,Malaysia,27.8846685,44.69544,41.6228,48.82747,43.21075,49.267688084583106,54.96239447852857,60.286789853714765,75.10507611019295
MYT,Mayotte,0.2056824,0.50438,0.40486,0.53587,0.41778,96.83745424985318,103.11898344243357,145.22273174564285,160.5327436863825
NAM,Namibia,2.1017855,2.75439,3.24144,2.6680900000000003,3.21129,54.223159309073154,52.788664685335384,31.050004864911273,26.943972160812802
NCL,New Caledonia,0.2519698,0.37106,0.33881,0.4173,0.35711000000000004,34.46452709808872,41.727302240189104,47.263680012445924,65.61508561740335
NER,Niger,16.2666364,39.16234,34.12924,38.20873,33.88558,109.81129202592864,108.3133794027633,140.75253812152587,134.89017065630117
NFK,Norfolk Island,0.0018093,0.0018,0.0018,0.0018,0.0018,-0.5140109434587997,-0.5140109434587997,-0.5140109434587997,-0.5140109434587997
NGA,Nigeria,156.9045687,369.33131,297.19988,365.03611,296.34287,89.41442079245205,88.86822254781164,135.385950237152,132.6484901137235
NIC,Nicaragua,5.7870308,5.09617,7.05819,3.641,6.46748,21.965654649703946,11.758174848490524,-11.938087490393178,-37.08345219106143
NIU,Niue,0.001631599999999995,0.001747599999999998,0.001753699999999996,0.001747599999999998,0.001753699999999996,7.483451826428135,7.483451826428135,7.109585682765592,7.109585682765592
NLD,Netherlands,16.645737699999998,16.34585,17.60771,18.773220000000002,18.35807,5.779090823953107,10.28691146563005,-1.801588523168903,12.780943316198021
NOR,Norway,4.8692267000000005,6.3878200000000005,6.00558,7.7705,6.417619999999999,23.337449045040344,31.79957302049623,31.187566189924983,59.58386164275324
NPL,Nepal,26.6610249,27.31183,34.34762,23.62798,32.84531,28.830831255853173,23.19597661078662,2.4410355657407585,-11.376325221465885
NRU,Nauru,0.010005699999999998,0.006437199999999999,0.0109123,0.006437199999999999,0.0109123,9.06083532386542,9.06083532386542,-35.66467113745165,-35.66467113745165
NZL,New Zealand,4.3499012,5.43751,5.34221,6.17843,5.61838,22.812214677427615,29.16109450945692,25.003069035223145,42.03609957853756
OMN,Oman,3.0958939,5.8989,5.98721,6.98041,6.50673,93.39196346489781,110.17290030514289,90.539475529184,125.47316624771926
PAK,Pakistan,177.592008,242.46326,258.0622,234.59346,255.82881,45.31183182522495,44.054235818990236,36.528249627089075,32.0968565207056
PAN,Panama,3.6127548000000003,5.09225,5.11108,5.0398,5.106339999999999,41.47320487955618,41.34200306093287,40.95199596717717,39.500195252664234
PCN,Pitcairn,5e-5,5e-5,5e-5,5e-5,5e-5,0,0,0,0
PER,Peru,28.9319371,32.99969,37.99857,27.98338,36.35937,31.337801090408156,25.672089892660523,14.05973228111298,-3.2785813708961733
PHL,Philippines,93.30707029999999,117.68829,130.47982000000002,106.51648,126.91662,39.839156433143344,36.020367579797444,26.130088129023598,14.156922575673251
PLW,Palau,0.018405099999999997,0.014565999999999999,0.018010799999999997,0.014565999999999999,0.018010799999999997,-2.1423409815757606,-2.1423409815757606,-20.858892372222908,-20.858892372222908
PNG,Papua New Guinea,7.2220102,9.13401,10.44356,9.07735,10.42683,44.60738368937779,44.37573073491368,26.474620598015775,25.690074489232924
POL,Poland,38.2878232,21.56675,33.77023,19.867340000000002,33.01849,-11.79903379829648,-13.762425647640367,-43.67203931301062,-48.11055228650344
PRI,Puerto Rico,3.5710376999999998,2.03395,3.29422,1.70579,2.9723100000000002,-7.751743981868341,-16.766210561148643,-43.04316641630526,-52.232652150381945
PRK,Democratic People's Republic of Korea,24.4896009,18.04234,25.22939,17.961199999999998,25.19267,3.0208295472875566,2.870888353268348,-26.326524986366767,-26.657849291451708
PRT,Portugal,10.5406859,6.10713,8.868540000000001,6.10296,8.6591,-15.863729513086037,-17.85069698358054,-42.06136054201179,-42.100921534906945
PRY,Paraguay,6.2094308,6.47402,8.02496,5.45425,7.6662300000000005,29.23825481717262,23.461074725238916,4.26108621743559,-12.161836154128649
PSE,State of Palestine,4.0020225,6.34746,6.91226,4.87115,6.3522,72.71916887024,58.724744800910045,58.60630468719255,21.71720673734344
PYF,French Polynesia,0.2657015,0.34838,0.34463,0.35451,0.3487,29.705703580898117,31.2374977183042,31.11706181560889,33.42416207661606
QAT,Qatar,1.7082218999999998,4.58267,3.94767,6.6186,4.84087,131.09819631746907,183.38648509306668,168.27135280258383,287.45551734233123
REU,Réunion,0.8260006,0.9647399999999999,1.00685,0.89684,0.98502,21.894584580204913,19.251729357097325,16.796525329400485,8.576192317535847
ROU,Romania,20.6358064,7.9076200000000005,15.42556,5.20587,14.03604,-25.24857182222837,-31.982110473763704,-61.68010182533985,-74.7726359751078
RUS,Russian Federation,143.7083739,122.31544,134.22244,143.40100999999999,140.54333,-6.600821958086321,-2.202407427003807,-14.88635165747986,-0.21388029914936835
RWA,Rwanda,9.9242129,15.9062,17.23047,14.35875,16.76717,73.62051956785407,68.95213926738714,60.27669055749498,44.68401821569144
SAU,Saudi Arabia,27.1830541,43.90739,43.948370000000004,51.76395,47.231230000000004,61.675615397461925,73.75247765114077,61.52485971030017,90.42727800037746
SDN,Sudan,34.2955263,51.20063,55.63696,39.14183,51.37007,62.22803963792794,49.786504369813386,49.29244576135867,14.13100839336004
SEN,Senegal,12.5570381,22.798000000000002,22.62911,21.10058,22.10977,80.21057051662527,76.07472258923863,81.55555329564544,68.03787511005483
SGP,Singapore,4.9732709,8.12634,7.06588,11.37568,8.19004,42.07711870270328,64.68115581638635,63.400308637922784,128.73638353382276
SGS,South Georgia and the South Sandwich Islands,2.9999999999999997e-5,2.9999999999999997e-5,2.9999999999999997e-5,2.9999999999999997e-5,2.9999999999999997e-5,0,0,0,0
SHN,Saint Helena,0.005328699999999999,0.004591899999999996,0.0059134,0.004591899999999996,0.0059134,10.97265749619985,10.97265749619985,-13.827012216863455,-13.827012216863455
SJM,Svalbard and Jan Mayen Islands,0.002529999999999999,0.002572,0.002572,0.002572,0.002572,1.660079051383449,1.660079051383449,1.660079051383449,1.660079051383449
SLB,Solomon Islands,0.5245542,0.74986,0.82551,0.69808,0.80886,57.373632696106526,54.199508840077925,42.95186274364022,33.080623508495414
SLE,Sierra Leone,6.3443432,6.33001,8.87717,6.36312,8.87167,39.92260065628227,39.8359092553505,-0.22592094324279727,0.2959612903665169
SLV,El Salvador,6.172034,3.81621,6.33176,1.97918,5.31806,2.587898900103273,-13.836184311363159,-38.16932959215714,-67.933099526023355
SMR,San Marino,0.0310819,0.029763,0.0339977,0.029763,0.0339977,9.381022395670792,9.381022395670792,-4.243305589426638,-4.243305589426638
SOM,Somalia,11.9028721,20.2076,21.406019999999998,18.48624,20.94086,79.83911630874366,75.93115194441181,69.77079002638364,55.30907032093539
SPM,Saint Pierre and Miquelon,0.006229799999999999,0.004071199999999999,0.005402499999999998,0.004071199999999999,0.005402499999999998,-13.279720055218489,-13.279720055218489,-34.64958746669235,-34.64958746669235
SRB,Serbia,9.023669,4.8484099999999994,7.45932,3.81533,6.96814,-17.336063634426306,-22.779304072434396,-46.270081493459045,-57.718639724041296
SSD,South Sudan,9.2000299,23.36093,20.29946,27.759140000000002,22.56247,120.64558724966751,145.243442089248,153.9223269263505,201.72880199008918
STP,Sao Tome and Principe,0.1773534,0.16969,0.24355,0.11258,0.2145,37.32468619152494,20.944960739405055,-4.320977212728929,-36.52222060586377
SUR,Suriname,0.5262292,0.33416,0.53715,0.20833000000000002,0.45255,2.0752934272746675,-14.001351502349157,-36.499152840625335,-60.41078678264148
SVK,Slovakia,5.4075478,3.28239,4.922750000000001,3.1109500000000003,4.83866,-8.965206003356995,-10.520254670703046,-39.299843082293236,-42.47022652300918
SVN,Slovenia,2.0349438,1.82091,2.05607,2.22778,2.1883,1.0381711770123514,7.53613932728755,-10.517921920005858,9.476242046586245
SWE,Sweden,9.3557088,12.00951,11.01624,14.65207,11.83451,17.74885511614042,26.49506577203428,28.365581451188394,56.61100952607674
SWZ,Eswatini,1.0614751,1.19706,1.62836,1.0413400000000002,1.55677,53.40538840713268,46.661000338114384,12.773252994818248,-1.8968980054265852
SXM,Sint Maarten (Dutch part),0.0349274,0.0678572,0.0536663,0.0678572,0.0536663,53.651001792289165,53.651001792289165,94.28070798284445,94.28070798284445
SYC,Seychelles,0.0912874,0.06369,0.09264,0.05624,0.08783,1.4816940782627126,-3.7873792001963023,-30.23133532119439,-38.39237397494068
SYR,Syrian Arab Republic,20.0340995,16.47453,21.78766,11.33811,19.29845,8.752879060024629,-3.6719868542132423,-17.767554264168442,-43.40594145496782
TCA,Turks and Caicos Islands,0.0321291,0.053429,0.0491801,0.053429,0.0491801,53.07026963095759,53.07026963095759,66.29472969986708,66.29472969986708
TCD,Chad,11.8097377,21.10621,21.36659,21.1644,21.4514,80.92349333042341,81.64162951730927,78.71870261775587,79.2114315968254
TGO,Togo,6.3513279,8.91736,10.13738,8.61546,10.05137,59.61040210189746,58.25619710171159,40.40150564419765,35.648168944324226
THA,Thailand,66.9941254,48.23968,67.13815,53.467079999999996,68.58728,0.21498093920932732,2.378051195515727,-27.994164097259787,-20.191390393164244
TJK,Tajikistan,7.4761603,9.7212,11.55602,8.0564,10.96212,54.57159205106932,46.62767463667145,30.029314646985288,7.761199288356617
TKL,Tokelau,0.0011619,0.001501,0.001538799999999996,0.001501,0.001538799999999996,32.438247697736124,32.438247697736124,29.184955676047846,29.184955676047846
TKM,Turkmenistan,5.0740519,6.81612,7.27476,6.27281,7.10488,43.371809027022366,40.02379439595405,34.332879015289535,23.625262879159752
TLS,Timor-Leste,1.0844963,1.80924,1.94651,1.14202,1.68143,79.48516744593779,55.042483777952945,66.82767843467975,5.30418591561815
TON,Tonga,0.1025546,0.04014,0.09279,0.018839999999999996,0.06292,-9.521367154666878,-38.64731567379717,-60.859873667295275,-81.62929795445548
TTO,Trinidad and Tobago,1.3268052,0.5904,1.13648,0.39746,0.99834,-14.344622707236901,-24.75609833304843,-55.502133998268924,-70.04383160391595
TUN,Tunisia,10.5793088,10.366299999999999,12.66944,9.71546,12.44327,19.756784110508242,17.618931777471136,-2.0134472301252875,-8.165455951148713
TUR,Turkey,72.155815,80.21737999999999,91.98521,80.83025,92.17249,27.481354066889814,27.740903487820063,11.17243980959814,12.021810023211577
TUV,Tuvalu,0.010477499999999997,0.0199068,0.0153495,0.0199068,0.0153495,46.49964209019331,46.49964209019331,89.9957050823193,89.9957050823193
TWN,Taiwan,23.1297143,13.13467,22.05064,13.40123,22.09338,-4.6653161643246,-4.48053221305894,-43.213003716176466,-42.06054676602729
TZA,United Republic of Tanzania,43.912495899999996,91.09218,86.08319,89.90065,85.88213999999999,96.03347119242204,95.57562884964597,107.44022432120512,104.72680533743018
UGA,Uganda,32.0654915,78.44946,68.84057999999999,74.29308999999999,67.81078,114.68743119063053,111.47587898348601,144.6538516336168,131.69172379596924
UKR,Ukraine,45.9258429,30.87173,38.56967,34.288560000000004,39.39508,-16.01750220680217,-14.220235247984963,-32.77917605732175,-25.339290833135685
UMI,United States Minor Outlying Islands,2.994e-4,3e-4,3e-4,3e-4,3e-4,0.20040080160319318,0.20040080160319318,0.20040080160319318,0.20040080160319318
URY,Uruguay,3.3565901,2.1972899999999997,3.23148,1.64819,2.98557,-3.7272975332913036,-11.05348252084757,-34.53803012765843,-50.89689384473844
USA,United States of America,307.2867864,390.57095000000004,367.82232999999997,478.78448,394.83198,19.70001519076057,28.48973580205986,27.103073508532766,55.81030528815475
UZB,Uzbekistan,28.343036599999998,35.85999,39.409349999999996,34.11952,38.88947,39.044205305792815,37.2099628873217,26.52134104783962,20.380608759472175
VAT,Holy See,7.892e-4,7.92599999999999e-4,7.992e-4,7.92599999999999e-4,7.992e-4,1.267105930055756,1.267105930055756,0.430816016218829,0.430816016218829
VCT,Saint Vincent and the Grenadines,0.1084931,0.02582,0.08009,0.01215,0.05772,-26.17963723038608,-46.79845999423004,-76.20125150816042,-88.80113113184157
VEN,Venezuela (Bolivarian Republic of),28.2709734,38.1896,39.4232,37.72409,39.33857,39.447621566507515,39.14826859127531,35.08413544756121,33.43753490992283
VGB,British Virgin Islands,0.026791999999999996,0.025341,0.0319104,0.025341,0.0319104,19.104210212003593,19.104210212003593,-5.415795759928328,-5.415795759928328
VIR,United States Virgin Islands,0.1063369,0.09373000000000001,0.10239000000000001,0.11432,0.10584,-3.711693683001845,-0.46728840129813315,-11.85562114374219,7.507365740396802
VNM,Viet Nam,87.6312877,78.43765,103.56794,71.77365,101.35945,18.186030033654283,15.665822858837203,-10.491273084419134,-18.09586292316916
VUT,Vanuatu,0.2346973,0.32545,0.35689,0.30074,0.34933000000000003,52.06395642387023,48.842786005633656,38.66797785914027,28.13952269582991
WLF,Wallis and Futuna Islands,0.013252799999999999,0.005826199999999998,0.009447399999999998,0.005826199999999998,0.009447399999999998,-28.713932150187137,-28.713932150187137,-56.03796933478209,-56.03796933478209
WSM,Samoa,0.1855898,0.07686,0.17535,0.03553,0.12109,-5.517436841895402,-34.753957383433786,-58.5860860887829,-80.85562891926172
YEM,Yemen,22.889240700000002,35.47433,39.513149999999996,33.95799,39.04465,72.62761363682978,70.58080043694937,54.98255475114995,48.35787016735772
ZAF,South Africa,51.0031004,62.66496,68.19129,68.76267,70.33341,33.70028383607831,37.90026380435492,22.865001359799685,34.820568672723276
ZMB,Zambia,13.501707,30.04358,27.29031,29.3447,27.16187,102.1248868754151,101.1735997529794,122.5169010111092,117.34066662830116
ZWE,Zimbabwe,12.7038918,18.13196,21.93171,15.994399999999999,21.1101,72.63772665318197,66.17033844699465,42.727601001765464,25.90157608237816
